Item_Fatura,Empresa,Centro,Data_Criacao,Fornecedor,Nome_Fornecedor,Doc_Compras,Item,Material,Descricao_Material,Referencia,Quantidade,Preço_Contrato,Preço_Fatura,Montante,Item_Contrato,Data_Emissao,Valor_NF_c/_Imposto,Valor_NF_s/_Imposto,ICMS,PIS,COFINS,ICMS_Diferido,IPI
1,483,SJP,24/5/2025,136123,FORNECEDOR,4508703835,10,112982531R,PEÇA,000698941-1,"9.000,000","0,23","1,79","14.040,00",20,21/5/2025,"R$ 1,97","R$ 1,78",0.0,"1,65","7,6",sim,0
1,483,SJP,10/4/2025,146712,FORNECEDOR,4508602155,10,132011477R,PEÇA,4969-7,"4.158,000","4,26","4,64","1.580,04",10,27/3/2025,"R$ 5,50","R$ 4,38",12.0,"1,65","7,6",NÃO,"3,25"
1,483,SJP,7/5/2025,146712,FORNECEDOR,4508657320,10,132011477R,PEÇA,5287-7,"8.316,000","4,26","4,64","3.160,08",10,27/3/2025,"R$ 5,50","R$ 4,38",12.0,"1,65","7,6",NÃO,"3,25"
1,483,SJP,27/5/2025,146712,FORNECEDOR,4508678959,10,132011477R,PEÇA,5467-7,"4.158,000","4,26","4,64","1.580,04",10,27/3/2025,"R$ 5,50","R$ 4,38",12.0,"1,65","7,6",NÃO,"3,25"
9,483,SJP,5/5/2025,106382,FORNECEDOR,4508640306,90,223200867R,PEÇA,484557-5,"200,000","16,98","19,03","410,00",120,17/4/2025,"R$ 21,26","R$ 16,97",12.0,"1,65","7,6",NÃO,"6,5"
1,483,FAS,4/4/2025,102294,FORNECEDOR,4508611928,10,224766016R,PEÇA,000207159-1,"810,000","5,27","5,99","583,20",10,4/4/2025,"R$ 6,60","R$ 5,98",0.0,"1,65","7,6",SIM,0
1,483,CRAG,4/4/2025,101912,FORNECEDOR,4508612495,10,231000711R,PEÇA,000153498-7,"80,000","214,50","218,83","346,40",20,1/4/2025,"R$ 218,83","R$ 218,83",0.0,0,0,SIM,0
1,483,CRAG,4/4/2025,101912,FORNECEDOR,4508612496,10,231000711R,PEÇA,000153516-7,"80,000","214,50","218,83","346,40",20,1/4/2025,"R$ 218,83","R$ 218,83",0.0,0,0,SIM,0
1,483,CRAG,10/4/2025,101912,FORNECEDOR,4508621585,10,231000711R,PEÇA,000154095-7,"80,000","214,50","218,83","346,40",20,8/4/2025,"R$ 218,83","R$ 218,83",0.0,0,0,SIM,0
1,483,CRAG,17/4/2025,101912,FORNECEDOR,4508635590,10,231000711R,PEÇA,000154940-7,"320,000","214,50","218,83","1.385,60",20,16/4/2025,"R$ 218,83","R$ 218,83",0.0,0,0,SIM,0
4,483,SJP,7/5/2025,103415,FORNECEDOR,4508640945,40,243229923R,PEÇA,209901-2,"360,000","4,56","4,75","68,40",220,22/4/2025,"R$ 5,23","R$ 4,74",nan,"1,65","7,6",nan,"3,25"
1,483,FAS,25/5/2025,119957,FORNECEDOR,4508700363,10,278320982R,PEÇA,206097-1,"35,000","3,38","37,79","1.204,35",50,1/4/2025,"R$ 47,99","38,32",12.0,"1,65","7,6",NÃO,0
1,483,FAS,24/4/2025,119957,FORNECEDOR,4508639056,10,278600140R,PEÇA,203883-1,"23,000","5,22","6,85","37,49",130,16/4/2025,"R$ 8,69","R$ 6,93",12.0,"1,65","7,6",NÃO,0
1,483,FAS,8/4/2025,122841,FORNECEDOR,4508617272,10,476607676R,PEÇA,530931-1,"66,000","628,93","648,39","1.284,36",70,7/4/2025,"R$ 823,35","R$ 657,52",12.0,"1,65","7,6",SIM,0
1,483,FAS,2/4/2025,108060,FORNECEDOR,4508405168,10,62010N081R,PEÇA,46885-3,"2,000","428,38","439,34","21,92",80,24/3/2025,"R$ 484,13","R$ 439,34",0.0,"1,65","7,6",nan,nan
2,483,FAS,25/5/2025,119957,FORNECEDOR,4508700363,20,279327771R,PEÇA,206097-1,"35,000","3,34","3,83","17,15",70,21/5/2025,"R$ 4,86","R$ 3,88",12.0,"1,65","7,6",SIM,nan
3,483,FAS,25/5/2025,119957,FORNECEDOR,4508700363,30,279335128R,PEÇA,206097-1,"35,000","3,33","3,94","21,35",100,21/5/2025,"R$ 5,00","R$ 3,99",12.0,"1,65","7,6",SIM,nan
4,483,SJP,8/5/2025,103415,FORNECEDOR,4508658120,40,363157867R,PEÇA,210069,"360,000","5,10","5,18","28,80",100,nan,"R$ 5,71","R$ 5,18",nan,"1,65","7,6",nan,"3,25"
1,483,FAS,24/4/2025,105066,FORNECEDOR,4508553978,10,282436833R,PEÇA,107930-3,"14,000","31,74","93,89","870,10",70,24/2/2024,"R$ 119,23","R$ 95,21",12.0,"1,65","7,6",nan,"3,25"
2,483,FAS,2/4/2025,108060,FORNECEDOR,4508405168,20,62010N831R,PEÇA,46885-3,"2,000","313,36","324,33","21,94",190,24/3/2025,"R$ 357,39","R$ 324,33",0.0,"1,65","7,6",nan,nan
2,483,FAS,24/4/2025,105066,FORNECEDOR,4508553978,20,282436956R,PEÇA,107930-3,"33,000","41,51","122,80","2.682,57",80,24/2/2024,"R$ 155,93","R$ 124,52",12.0,"1,65","7,6",nan,"3,25"
1,483,FAS,25/5/2025,120639,FORNECEDOR,4508703729,10,432007885R,PEÇA,182699-1,"960,000","47,17","48,84","1.603,20",20,22/5/2025,"R$ 62,02","R$ 49,52",12.0,"1,65","7,6",SIM,nan
1,483,FAS,3/4/2025,101517,FORNECEDOR,4508604211,10,484005466R,PEÇA,000834492-1,"320,000","297,57","327,90","9.705,60",90,27/3/2025,"R$ 372,61","R$ 297,56",12.0,"1,65","7,6",não,0
1,483,FAS,23/4/2025,101517,FORNECEDOR,4508638960,10,484005466R,PEÇA,000836771-1,"160,000","297,57","327,90","4.852,80",90,16/4/2025,"R$ 372,61","R$ 297,56",12.0,"1,65","7,6",não,nan
1,483,FAS,20/5/2025,101517,FORNECEDOR,4508692949,10,484005466R,PEÇA,000839697-1,"360,000","297,57","327,90","10.918,80",90,16/5/2025,"R$ 372,61","R$ 297,56",12.0,"1,65","7,6",não,nan
1,483,FAS,23/5/2025,101517,FORNECEDOR,4508697200,10,484005466R,PEÇA,000840150-1,"280,000","297,57","327,90","8.492,40",90,20/5/2025,"R$ 372,61","R$ 297,56",12.0,"1,65","7,6",não,nan
1,483,FAS,23/5/2025,101517,FORNECEDOR,4508699392,10,484005466R,PEÇA,000840286-1,"40,000","297,57","327,90","1.213,20",90,21/5/2025,"R$ 372,61","R$ 297,56",12.0,"1,65","7,6",não,nan
1,483,FAS,5/4/2025,101517,FORNECEDOR,4508614705,10,484005466R,PEÇA,835208-1,"360,000","297,57","327,90","10.918,80",90,3/4/2025,"R$ 372,61","R$ 297,56",12.0,"1,65","7,6",não,nan
1,483,FAS,19/4/2025,101517,FORNECEDOR,4508632784,10,484005466R,PEÇA,836216-1,"440,000","297,57","327,90","13.345,20",90,10/4/2025,"R$ 372,61","R$ 297,56",12.0,"1,65","7,6",não,nan
1,483,FAS,28/4/2025,101517,FORNECEDOR,4508653530,10,484005466R,PEÇA,837425-1,"360,000","297,57","327,90","10.918,80",90,24/4/2025,"R$ 372,61","R$ 297,56",12.0,"1,65","7,6",não,nan
1,483,FAS,3/5/2025,101517,FORNECEDOR,4508661912,10,484005466R,PEÇA,838047-1,"360,000","297,57","327,90","10.918,80",90,30/4/2025,"R$ 372,61","R$ 297,56",12.0,"1,65","7,6",não,nan
1,483,FAS,13/5/2025,101517,FORNECEDOR,4508678910,10,484005466R,PEÇA,838730-1,"120,000","297,57","327,90","3.639,60",90,8/5/2025,"R$ 372,61","R$ 297,56",12.0,"1,65","7,6",não,nan
1,483,FAS,23/5/2025,101517,FORNECEDOR,4508697198,10,484005920R,PEÇA,000840128-1,"80,000","186,96","206,02","1.524,80",180,20/5/2025,"R$ 234,11","R$ 186,96",12.0,"1,65","7,6",não,nan
1,483,FAS,23/5/2025,101517,FORNECEDOR,4508697199,10,484005920R,PEÇA,000840148-1,"40,000","186,96","206,02","762,40",180,20/5/2025,"R$ 234,11","R$ 186,96",12.0,"1,65","7,6",não,nan
2,483,FAS,23/5/2025,101517,FORNECEDOR,4508699392,20,484005920R,PEÇA,000840286-1,"24,000","186,96","206,02","457,44",180,21/5/2025,"R$ 234,11","R$ 186,96",12.0,"1,65","7,6",não,nan
2,483,FAS,19/4/2025,101517,FORNECEDOR,4508632784,20,484005920R,PEÇA,836216-1,"40,000","186,96","206,02","762,40",180,10/4/2025,"R$ 234,11","R$ 186,96",12.0,"1,65","7,6",não,nan
2,483,FAS,28/4/2025,101517,FORNECEDOR,4508653530,20,484005920R,PEÇA,837425-1,"40,000","186,96","206,02","762,40",180,24/4/2025,"R$ 234,11","R$ 186,96",12.0,"1,65","7,6",não,nan
2,483,FAS,3/5/2025,101517,FORNECEDOR,4508661912,20,484005920R,PEÇA,838047-1,"40,000","186,96","206,02","762,40",180,30/4/2025,"R$ 234,11","R$ 186,96",12.0,"1,65","7,6",não,nan
1,483,FAS,13/5/2025,101517,FORNECEDOR,4508678912,10,484005920R,PEÇA,838879-1,"80,000","186,96","206,02","1.524,80",180,9/5/2025,"R$ 234,11","R$ 186,96",12.0,"1,65","7,6",não,nan
1,483,FVU,4/4/2025,102294,FORNECEDOR,4508608880,10,540345079R,PEÇA,000207093-1,"280,000","0,62","0,70","22,40",100,2/4/2025,"R$ 0,77","0,59",12.0,"2,3","10,8",SIM,nan
2,483,FVU,4/4/2025,102294,FORNECEDOR,4508608880,20,543219608R,PEÇA,000207093-1,"280,000","0,62","0,70","22,40",110,2/4/2025,"R$ 0,77","0,59",12.0,"2,3","10,8",SIM,nan
1,483,FAS,20/5/2025,104535,FORNECEDOR,4508559301,10,546111085R,PEÇA,354462-2,"81,000","84,62","88,20","289,98",10,27/2/2025,"R$ 112,00","R$ 89,44",12.0,"1,65","7,6",SIM,0
1,483,SJP,22/4/2025,112619,FORNECEDOR,4508589516,10,62010J571R,PEÇA,808005-1,"168,000","65,73","66,41","114,24",10,20/3/2025,"R$ 83,88","R$ 66,98",12.0,"1,65","7,6",SIM,"3,25"
5,483,SJP,10/4/2025,112619,FORNECEDOR,4508601034,50,62010J571R,PEÇA,808780-1,"252,000","65,73","66,41","171,36",10,27/3/2025,"R$ 83,88","R$ 66,98",12.0,"1,65","7,6",SIM,"3,25"
4,483,SJP,25/5/2025,112619,FORNECEDOR,4508621211,40,62010J571R,PEÇA,809409-1,"252,000","65,73","66,41","171,36",10,2/4/2025,"R$ 83,88","R$ 66,98",12.0,"1,65","7,6",SIM,"3,25"
3,483,SJP,24/4/2025,112619,FORNECEDOR,4508626165,30,62010J571R,PEÇA,810093-1,"42,000","65,73","66,41","28,56",10,8/4/2025,"R$ 83,88","R$ 66,98",12.0,"1,65","7,6",SIM,"3,25"
1,483,SJP,9/5/2025,112619,FORNECEDOR,4508662395,10,62010J571R,PEÇA,811604-1,"42,000","65,73","66,41","28,56",10,24/4/2025,"R$ 83,88","R$ 66,98",12.0,"1,65","7,6",SIM,"3,25"
1,483,SJP,16/5/2025,112619,FORNECEDOR,4508662400,10,62010J571R,PEÇA,812224-1,"252,000","65,73","66,41","171,36",10,30/4/2025,"R$ 83,88","R$ 66,98",12.0,"1,65","7,6",SIM,"3,25"
1,483,SJP,8/5/2025,112619,FORNECEDOR,4508662405,10,62010J571R,PEÇA,812236-1,"210,000","65,73","66,41","142,80",10,30/4/2025,"R$ 83,88","R$ 66,98",12.0,"1,65","7,6",SIM,"3,25"
1,483,SJP,27/5/2025,112619,FORNECEDOR,4508674524,10,62010J571R,PEÇA,812850-1,"420,000","65,73","66,41","285,60",10,8/5/2025,"R$ 83,88","R$ 66,98",12.0,"1,65","7,6",SIM,"3,25"
1,483,SJP,26/5/2025,112619,FORNECEDOR,4508691026,10,62010J571R,PEÇA,813562-1,"420,000","65,73","66,41","285,60",10,15/5/2025,"R$ 83,88","R$ 66,98",12.0,"1,65","7,6",SIM,"3,25"
11,483,FAS,23/5/2025,108060,FORNECEDOR,4508700813,80,62010W823R,PEÇA,000047707-3,"1,000","601,39","662,69","61,30",50,23/5/2025,"R$ 662,69","601,39",0.0,"1,65","7,6",nan,nan
1,483,FAS,6/5/2025,133051,FORNECEDOR,4508666961,10,488109327R,PEÇA,000112714-0,"13,000","960,96","1.758,45","10.367,37",130,6/5/2025,"R$ 1.937,69","R$ 1.758,45",0.0,"1,65","7,6",SIM,nan
1,483,FAS,14/5/2025,133051,FORNECEDOR,4508682195,10,488109327R,PEÇA,000112755-0,"24,000","960,96","1.758,45","19.139,76",130,12/5/2025,"R$ 1.937,69","R$ 1.758,45",0.0,"1,65","7,6",SIM,nan
21,483,FAS,23/5/2025,108060,FORNECEDOR,4508700870,120,62010W823R,PEÇA,000047709-3,"4,000","601,39","662,69","245,20",50,23/5/2025,"R$ 662,69","601,39",0.0,"1,65","7,6",nan,nan
1,483,FAS,23/4/2025,133453,FORNECEDOR,4508583315,10,638424203R,PEÇA,44279-1,"23,000","46,46","73,83","629,51",10,nan,"R$ 78,80","R$ 71,51",0.0,"1,65","7,6",SIM,"3,25"
3,483,FAS,1/4/2025,108060,FORNECEDOR,4508598899,80,620223601R,PEÇA,000046964-3,"6,000","199,51","202,55","18,24",2000,28/3/2025,"R$ 223,20","R$ 202,55",0.0,"1,65","7,6",nan,nan
4,483,FAS,1/4/2025,108060,FORNECEDOR,4508599229,90,620223601R,PEÇA,000046966-3,"8,000","199,51","202,55","24,32",2000,28/3/2025,"R$ 223,20","R$ 202,55",0.0,"1,65","7,6",nan,nan
3,483,FAS,1/4/2025,108060,FORNECEDOR,4508599624,80,620223601R,PEÇA,000046970-3,"7,000","199,51","202,55","21,28",2000,28/3/2025,"R$ 223,20","R$ 202,55",0.0,"1,65","7,6",nan,nan
3,483,FAS,1/4/2025,108060,FORNECEDOR,4508599667,60,620223601R,PEÇA,000046972-3,"1,000","199,51","202,56","3,05",2000,28/3/2025,"R$ 223,20","R$ 202,55",0.0,"1,65","7,6",nan,nan
3,483,FAS,1/4/2025,108060,FORNECEDOR,4508599847,50,620223601R,PEÇA,000046981-3,"1,000","199,51","202,56","3,05",2000,28/3/2025,"R$ 223,20","R$ 202,55",0.0,"1,65","7,6",nan,nan
5,483,FAS,1/4/2025,108060,FORNECEDOR,4508604331,100,620223601R,PEÇA,000047005-3,"7,000","199,51","202,55","21,28",2000,1/4/2025,"R$ 223,20","R$ 202,55",0.0,"1,65","7,6",nan,nan
3,483,FAS,1/4/2025,108060,FORNECEDOR,4508604440,70,620223601R,PEÇA,000047006-3,"4,000","199,51","202,55","12,16",2000,1/4/2025,"R$ 223,20","R$ 202,55",0.0,"1,65","7,6",nan,nan
4,483,FAS,1/4/2025,108060,FORNECEDOR,4508604504,80,620223601R,PEÇA,000047008-3,"6,000","199,51","202,55","18,24",2000,1/4/2025,"R$ 223,20","R$ 202,55",0.0,"1,65","7,6",nan,nan
4,483,FAS,1/4/2025,108060,FORNECEDOR,4508604623,60,620223601R,PEÇA,000047010-3,"5,000","199,51","202,55","15,20",2000,1/4/2025,"R$ 223,20","R$ 202,55",0.0,"1,65","7,6",nan,nan
4,483,FAS,1/4/2025,108060,FORNECEDOR,4508604670,60,620223601R,PEÇA,000047011-3,"3,000","199,51","202,55","9,12",2000,1/4/2025,"R$ 223,20","R$ 202,55",0.0,"1,65","7,6",nan,nan
4,483,FAS,1/4/2025,108060,FORNECEDOR,4508604743,70,620223601R,PEÇA,000047013-3,"2,000","199,51","202,55","6,08",2000,1/4/2025,"R$ 223,20","R$ 202,55",0.0,"1,65","7,6",nan,nan
3,483,FAS,1/4/2025,108060,FORNECEDOR,4508604757,40,620223601R,PEÇA,000047014-3,"1,000","199,51","202,56","3,05",2000,1/4/2025,"R$ 223,20","R$ 202,55",0.0,"1,65","7,6",nan,nan
4,483,FAS,3/4/2025,108060,FORNECEDOR,4508604769,70,620223601R,PEÇA,000047015-3,"6,000","199,51","202,55","18,24",2000,1/4/2025,"R$ 223,20","R$ 202,55",0.0,"1,65","7,6",nan,nan
3,483,FAS,1/4/2025,108060,FORNECEDOR,4508605054,60,620223601R,PEÇA,000047019-3,"4,000","199,51","202,55","12,16",2000,1/4/2025,"R$ 223,20","R$ 202,55",0.0,"1,65","7,6",nan,nan
4,483,FAS,3/4/2025,108060,FORNECEDOR,4508604231,90,620223601R,PEÇA,000047021-3,"8,000","199,51","202,55","24,32",2000,2/4/2025,"R$ 223,20","R$ 202,55",0.0,"1,65","7,6",nan,nan
4,483,FAS,3/4/2025,108060,FORNECEDOR,4508606087,60,620223601R,PEÇA,000047022-3,"1,000","199,51","202,56","3,05",2000,2/4/2025,"R$ 223,20","R$ 202,55",0.0,"1,65","7,6",nan,nan
3,483,FAS,3/4/2025,108060,FORNECEDOR,4508605928,70,620223601R,PEÇA,000047026-3,"2,000","199,51","202,55","6,08",2000,2/4/2025,"R$ 223,20","R$ 202,55",0.0,"1,65","7,6",nan,nan
4,483,FAS,3/4/2025,108060,FORNECEDOR,4508608222,90,620223601R,PEÇA,000047033-3,"4,000","199,51","202,55","12,16",2000,2/4/2025,"R$ 223,20","R$ 202,55",0.0,"1,65","7,6",nan,nan
4,483,FAS,3/4/2025,108060,FORNECEDOR,4508607776,70,620223601R,PEÇA,000047037-3,"5,000","199,51","202,55","15,20",2000,2/4/2025,"R$ 223,20","R$ 202,55",0.0,"1,65","7,6",nan,nan
4,483,FAS,3/4/2025,108060,FORNECEDOR,4508607532,80,620223601R,PEÇA,000047039-3,"3,000","199,51","202,55","9,12",2000,2/4/2025,"R$ 223,20","R$ 202,55",0.0,"1,65","7,6",nan,nan
5,483,FAS,3/4/2025,108060,FORNECEDOR,4508609109,70,620223601R,PEÇA,000047044-3,"1,000","199,51","202,56","3,05",2000,3/4/2025,"R$ 223,20","R$ 202,55",0.0,"1,65","7,6",nan,nan
5,483,FAS,4/4/2025,108060,FORNECEDOR,4508609027,100,620223601R,PEÇA,000047046-3,"5,000","199,51","202,55","15,20",2000,3/4/2025,"R$ 223,20","R$ 202,55",0.0,"1,65","7,6",nan,nan
3,483,FAS,4/4/2025,108060,FORNECEDOR,4508608910,60,620223601R,PEÇA,000047047-3,"5,000","199,51","202,55","15,20",2000,3/4/2025,"R$ 223,20","R$ 202,55",0.0,"1,65","7,6",nan,nan
4,483,FAS,3/4/2025,108060,FORNECEDOR,4508608751,70,620223601R,PEÇA,000047048-3,"5,000","199,51","202,55","15,20",2000,3/4/2025,"R$ 223,20","R$ 202,55",0.0,"1,65","7,6",nan,nan
5,483,FAS,4/4/2025,108060,FORNECEDOR,4508609396,100,620223601R,PEÇA,000047053-3,"6,000","199,51","202,55","18,24",2000,3/4/2025,"R$ 223,20","R$ 202,55",0.0,"1,65","7,6",nan,nan
4,483,FAS,4/4/2025,108060,FORNECEDOR,4508609577,70,620223601R,PEÇA,000047055-3,"4,000","199,51","202,55","12,16",2000,3/4/2025,"R$ 223,20","R$ 202,55",0.0,"1,65","7,6",nan,nan
3,483,FAS,4/4/2025,108060,FORNECEDOR,4508609819,70,620223601R,PEÇA,000047057-3,"3,000","199,51","202,55","9,12",2000,3/4/2025,"R$ 223,20","R$ 202,55",0.0,"1,65","7,6",nan,nan
3,483,FAS,4/4/2025,108060,FORNECEDOR,4508611849,40,620223601R,PEÇA,000047061-3,"1,000","199,51","202,56","3,05",2000,4/4/2025,"R$ 223,20","R$ 202,55",0.0,"1,65","7,6",nan,nan
5,483,FAS,4/4/2025,108060,FORNECEDOR,4508610066,90,620223601R,PEÇA,000047062-3,"7,000","199,51","202,55","21,28",2000,4/4/2025,"R$ 223,20","R$ 202,55",0.0,"1,65","7,6",nan,nan
5,483,FAS,4/4/2025,108060,FORNECEDOR,4508610403,90,620223601R,PEÇA,000047064-3,"7,000","199,51","202,55","21,28",2000,4/4/2025,"R$ 223,20","R$ 202,55",0.0,"1,65","7,6",nan,nan
4,483,FAS,4/4/2025,108060,FORNECEDOR,4508610741,70,620223601R,PEÇA,000047066-3,"4,000","199,51","202,55","12,16",2000,4/4/2025,"R$ 223,20","R$ 202,55",0.0,"1,65","7,6",nan,nan
5,483,FAS,4/4/2025,108060,FORNECEDOR,4508611056,90,620223601R,PEÇA,000047070-3,"2,000","199,51","202,55","6,08",2000,4/4/2025,"R$ 223,20","R$ 202,55",0.0,"1,65","7,6",nan,nan
3,483,FAS,2/4/2025,108060,FORNECEDOR,4508405168,30,62010N847R,PEÇA,46885-3,"2,000","587,48","602,73","30,50",200,24/3/2025,"R$ 664,17","R$ 602,72",0.0,"1,65","7,6",nan,nan
3,483,SJP,2/4/2025,102318,FORNECEDOR,4508603760,30,620224263R,PEÇA,000240739-3,"90,000","159,80","168,34","768,60",10,31/3/2025,"R$ 185,50","R$ 168,34",0.0,"1,65","7,6",nan,"3,25"
1,483,SJP,3/4/2025,102318,FORNECEDOR,4508610810,10,620224263R,PEÇA,000240868-3,"50,000","159,80","168,34","427,00",10,3/4/2025,"R$ 185,50","R$ 168,34",0.0,"1,65","7,6",nan,nan
1,483,SJP,21/5/2025,102318,FORNECEDOR,4508698501,10,620224263R,PEÇA,000242075-3,"55,000","163,03","168,34","292,05",10,21/5/2025,"R$ 185,50","R$ 168,34",0.0,"1,65","7,6",nan,nan
1,483,SJP,26/5/2025,102318,FORNECEDOR,4508708485,10,620224263R,PEÇA,000242204-3,"220,000","163,03","168,34","1.168,20",10,26/5/2025,"R$ 185,50","R$ 168,34",0.0,"1,65","7,6",nan,nan
1,483,SJP,30/5/2025,102318,FORNECEDOR,4508714801,10,620224263R,PEÇA,000242312-003,"10,000","163,03","168,34","53,10",10,nan,"R$ 185,50","R$ 168,34",0.0,"1,65","7,6",nan,nan
4,483,FAS,1/4/2025,108060,FORNECEDOR,4508598899,90,620224709R,PEÇA,000046964-3,"6,000","201,93","205,00","18,42",2020,28/3/2025,"R$ 225,90","R$ 205,00",0.0,"1,65","7,6",nan,nan
8,483,FAS,1/4/2025,108060,FORNECEDOR,4508599229,100,620224709R,PEÇA,000046966-3,"1,000","201,93","205,00","3,07",2020,28/3/2025,"R$ 225,90","R$ 205,00",0.0,"1,65","7,6",nan,nan
4,483,FAS,1/4/2025,108060,FORNECEDOR,4508599624,90,620224709R,PEÇA,000046970-3,"3,000","201,93","205,00","9,21",2020,28/3/2025,"R$ 225,90","R$ 205,00",0.0,"1,65","7,6",nan,nan
4,483,FAS,1/4/2025,108060,FORNECEDOR,4508599667,70,620224709R,PEÇA,000046972-3,"3,000","201,93","205,00","9,21",2020,28/3/2025,"R$ 225,90","R$ 205,00",0.0,"1,65","7,6",nan,nan
7,483,FAS,3/4/2025,108060,FORNECEDOR,4508604769,80,620224709R,PEÇA,000047015-3,"1,000","201,93","205,00","3,07",2020,1/4/2025,"R$ 225,90","R$ 205,00",0.0,"1,65","7,6",nan,nan
4,483,FAS,1/4/2025,108060,FORNECEDOR,4508605054,70,620224709R,PEÇA,000047019-3,"1,000","201,93","205,00","3,07",2020,1/4/2025,"R$ 225,90","R$ 205,00",0.0,"1,65","7,6",nan,nan
4,483,FAS,3/4/2025,108060,FORNECEDOR,4508605928,80,620224709R,PEÇA,000047026-3,"2,000","201,93","205,00","6,14",2020,2/4/2025,"R$ 225,90","R$ 205,00",0.0,"1,65","7,6",nan,nan
9,483,FAS,3/4/2025,108060,FORNECEDOR,4508608222,100,620224709R,PEÇA,000047033-3,"2,000","201,93","205,00","6,14",2020,2/4/2025,"R$ 225,90","R$ 205,00",0.0,"1,65","7,6",nan,nan
8,483,FAS,3/4/2025,108060,FORNECEDOR,4508607532,90,620224709R,PEÇA,000047039-3,"2,000","201,93","205,00","6,14",2020,2/4/2025,"R$ 225,90","R$ 205,00",0.0,"1,65","7,6",nan,nan
7,483,FAS,3/4/2025,108060,FORNECEDOR,4508609109,80,620224709R,PEÇA,000047044-3,"1,000","201,93","205,00","3,07",2020,3/4/2025,"R$ 225,90","R$ 205,00",0.0,"1,65","7,6",nan,nan
8,483,FAS,4/4/2025,108060,FORNECEDOR,4508609027,110,620224709R,PEÇA,000047046-3,"1,000","201,93","205,00","3,07",2020,3/4/2025,"R$ 225,90","R$ 205,00",0.0,"1,65","7,6",nan,nan
4,483,FAS,4/4/2025,108060,FORNECEDOR,4508608910,70,620224709R,PEÇA,000047047-3,"1,000","201,93","205,00","3,07",2020,3/4/2025,"R$ 225,90","R$ 205,00",0.0,"1,65","7,6",nan,nan
8,483,FAS,4/4/2025,108060,FORNECEDOR,4508609396,110,620224709R,PEÇA,000047053-3,"2,000","201,93","205,00","6,14",2020,3/4/2025,"R$ 225,90","R$ 205,00",0.0,"1,65","7,6",nan,nan
5,483,FAS,4/4/2025,108060,FORNECEDOR,4508609577,80,620224709R,PEÇA,000047055-3,"3,000","201,93","205,00","9,21",2020,3/4/2025,"R$ 225,90","R$ 205,00",0.0,"1,65","7,6",nan,nan
4,483,FAS,4/4/2025,108060,FORNECEDOR,4508609819,80,620224709R,PEÇA,000047057-3,"1,000","201,93","205,00","3,07",2020,3/4/2025,"R$ 225,90","R$ 205,00",0.0,"1,65","7,6",nan,nan
4,483,FAS,4/4/2025,108060,FORNECEDOR,4508611849,50,620224709R,PEÇA,000047061-3,"1,000","201,93","205,00","3,07",2020,4/4/2025,"R$ 225,90","R$ 205,00",0.0,"1,65","7,6",nan,nan
8,483,FAS,4/4/2025,108060,FORNECEDOR,4508610066,100,620224709R,PEÇA,000047062-3,"1,000","201,93","205,00","3,07",2020,4/4/2025,"R$ 225,90","R$ 205,00",0.0,"1,65","7,6",nan,nan
9,483,FAS,4/4/2025,108060,FORNECEDOR,4508610403,100,620224709R,PEÇA,000047064-3,"2,000","201,93","205,00","6,14",2020,4/4/2025,"R$ 225,90","R$ 205,00",0.0,"1,65","7,6",nan,nan
8,483,FAS,4/4/2025,108060,FORNECEDOR,4508610741,80,620224709R,PEÇA,000047066-3,"2,000","201,93","205,00","6,14",2020,4/4/2025,"R$ 225,90","R$ 205,00",0.0,"1,65","7,6",nan,nan
7,483,FAS,4/4/2025,108060,FORNECEDOR,4508611056,100,620224709R,PEÇA,000047070-3,"1,000","201,93","205,00","3,07",2020,4/4/2025,"R$ 225,90","R$ 205,00",0.0,"1,65","7,6",nan,nan
1,483,FAS,23/4/2025,133453,FORNECEDOR,4508583314,10,638439537R,PEÇA,44278-1,"22,000","46,46","73,83","602,14",20,18/3/2025,"R$ 78,80","R$ 71,51",0.0,"1,65","7,6",SIM,"3,25"
8,483,FAS,3/4/2025,108060,FORNECEDOR,4508604769,90,620225005R,PEÇA,000047015-3,"1,000","200,11","203,17","3,06",2030,1/4/2025,"R$ 223,87","R$ 203,16",0.0,"1,65","7,6",nan,nan
8,483,FAS,3/4/2025,108060,FORNECEDOR,4508605928,90,620225005R,PEÇA,000047026-3,"2,000","200,11","203,16","6,10",2030,2/4/2025,"R$ 223,87","R$ 203,16",0.0,"1,65","7,6",nan,nan
10,483,FAS,3/4/2025,108060,FORNECEDOR,4508608222,110,620225005R,PEÇA,000047033-3,"1,000","200,11","203,17","3,06",2030,2/4/2025,"R$ 223,87","R$ 203,16",0.0,"1,65","7,6",nan,nan
9,483,FAS,3/4/2025,108060,FORNECEDOR,4508607532,100,620225005R,PEÇA,000047039-3,"3,000","200,11","203,16","9,15",2030,2/4/2025,"R$ 223,87","R$ 203,16",0.0,"1,65","7,6",nan,nan
8,483,FAS,3/4/2025,108060,FORNECEDOR,4508609109,90,620225005R,PEÇA,000047044-3,"1,000","200,11","203,17","3,06",2030,3/4/2025,"R$ 223,87","R$ 203,16",0.0,"1,65","7,6",nan,nan
8,483,FAS,4/4/2025,108060,FORNECEDOR,4508609577,90,620225005R,PEÇA,000047055-3,"1,000","200,11","203,17","3,06",2030,3/4/2025,"R$ 223,87","R$ 203,16",0.0,"1,65","7,6",nan,nan
8,483,FAS,4/4/2025,108060,FORNECEDOR,4508609819,90,620225005R,PEÇA,000047057-3,"1,000","200,11","203,17","3,06",2030,3/4/2025,"R$ 223,87","R$ 203,16",0.0,"1,65","7,6",nan,nan
9,483,FAS,4/4/2025,108060,FORNECEDOR,4508610066,110,620225005R,PEÇA,000047062-3,"1,000","200,11","203,17","3,06",2030,4/4/2025,"R$ 223,87","R$ 203,16",0.0,"1,65","7,6",nan,nan
8,483,FAS,4/4/2025,108060,FORNECEDOR,4508611056,110,620225005R,PEÇA,000047070-3,"2,000","200,11","203,16","6,10",2030,4/4/2025,"R$ 223,87","R$ 203,16",0.0,"1,65","7,6",nan,nan
5,483,FAS,1/4/2025,108060,FORNECEDOR,4508598899,100,620226216R,PEÇA,000046964-3,"2,000","201,45","204,52","6,14",2110,28/3/2025,"R$ 225,37","R$ 204,52",0.0,"1,65","7,6",nan,nan
5,483,FAS,1/4/2025,108060,FORNECEDOR,4508599229,110,620226216R,PEÇA,000046966-3,"4,000","201,45","204,52","12,28",2110,28/3/2025,"R$ 225,37","R$ 204,52",0.0,"1,65","7,6",nan,nan
5,483,FAS,1/4/2025,108060,FORNECEDOR,4508599624,100,620226216R,PEÇA,000046970-3,"1,000","201,45","204,52","3,07",2110,28/3/2025,"R$ 225,37","R$ 204,52",0.0,"1,65","7,6",nan,nan
5,483,FAS,1/4/2025,108060,FORNECEDOR,4508599667,80,620226216R,PEÇA,000046972-3,"3,000","201,45","204,52","9,21",2110,28/3/2025,"R$ 225,37","R$ 204,52",0.0,"1,65","7,6",nan,nan
4,483,FAS,1/4/2025,108060,FORNECEDOR,4508599847,60,620226216R,PEÇA,000046981-3,"1,000","201,45","204,52","3,07",2110,28/3/2025,"R$ 225,37","R$ 204,52",0.0,"1,65","7,6",nan,nan
9,483,FAS,1/4/2025,108060,FORNECEDOR,4508604331,110,620226216R,PEÇA,000047005-3,"3,000","201,45","204,52","9,21",2110,1/4/2025,"R$ 225,37","R$ 204,52",0.0,"1,65","7,6",nan,nan
4,483,FAS,1/4/2025,108060,FORNECEDOR,4508604440,80,620226216R,PEÇA,000047006-3,"1,000","201,45","204,52","3,07",2110,1/4/2025,"R$ 225,37","R$ 204,52",0.0,"1,65","7,6",nan,nan
5,483,FAS,1/4/2025,108060,FORNECEDOR,4508604504,90,620226216R,PEÇA,000047008-3,"3,000","201,45","204,52","9,21",2110,1/4/2025,"R$ 225,37","R$ 204,52",0.0,"1,65","7,6",nan,nan
5,483,FAS,1/4/2025,108060,FORNECEDOR,4508604623,70,620226216R,PEÇA,000047010-3,"2,000","201,45","204,52","6,14",2110,1/4/2025,"R$ 225,37","R$ 204,52",0.0,"1,65","7,6",nan,nan
5,483,FAS,1/4/2025,108060,FORNECEDOR,4508604670,70,620226216R,PEÇA,000047011-3,"2,000","201,45","204,52","6,14",2110,1/4/2025,"R$ 225,37","R$ 204,52",0.0,"1,65","7,6",nan,nan
5,483,FAS,1/4/2025,108060,FORNECEDOR,4508604743,80,620226216R,PEÇA,000047013-3,"2,000","201,45","204,52","6,14",2110,1/4/2025,"R$ 225,37","R$ 204,52",0.0,"1,65","7,6",nan,nan
4,483,FAS,1/4/2025,108060,FORNECEDOR,4508604757,50,620226216R,PEÇA,000047014-3,"1,000","201,45","204,52","3,07",2110,1/4/2025,"R$ 225,37","R$ 204,52",0.0,"1,65","7,6",nan,nan
5,483,FAS,3/4/2025,108060,FORNECEDOR,4508604769,100,620226216R,PEÇA,000047015-3,"2,000","201,45","204,52","6,14",2110,1/4/2025,"R$ 225,37","R$ 204,52",0.0,"1,65","7,6",nan,nan
5,483,FAS,1/4/2025,108060,FORNECEDOR,4508605054,80,620226216R,PEÇA,000047019-3,"3,000","201,45","204,52","9,21",2110,1/4/2025,"R$ 225,37","R$ 204,52",0.0,"1,65","7,6",nan,nan
5,483,FAS,3/4/2025,108060,FORNECEDOR,4508604231,100,620226216R,PEÇA,000047021-3,"4,000","201,45","204,52","12,28",2110,2/4/2025,"R$ 225,37","R$ 204,52",0.0,"1,65","7,6",nan,nan
5,483,FAS,3/4/2025,108060,FORNECEDOR,4508606087,70,620226216R,PEÇA,000047022-3,"3,000","201,45","204,52","9,21",2110,2/4/2025,"R$ 225,37","R$ 204,52",0.0,"1,65","7,6",nan,nan
5,483,FAS,3/4/2025,108060,FORNECEDOR,4508605928,100,620226216R,PEÇA,000047026-3,"2,000","201,45","204,52","6,14",2110,2/4/2025,"R$ 225,37","R$ 204,52",0.0,"1,65","7,6",nan,nan
5,483,FAS,3/4/2025,108060,FORNECEDOR,4508608222,120,620226216R,PEÇA,000047033-3,"1,000","201,45","204,52","3,07",2110,2/4/2025,"R$ 225,37","R$ 204,52",0.0,"1,65","7,6",nan,nan
5,483,FAS,3/4/2025,108060,FORNECEDOR,4508607776,80,620226216R,PEÇA,000047037-3,"2,000","201,45","204,52","6,14",2110,2/4/2025,"R$ 225,37","R$ 204,52",0.0,"1,65","7,6",nan,nan
5,483,FAS,3/4/2025,108060,FORNECEDOR,4508607532,110,620226216R,PEÇA,000047039-3,"2,000","201,45","204,52","6,14",2110,2/4/2025,"R$ 225,37","R$ 204,52",0.0,"1,65","7,6",nan,nan
9,483,FAS,4/4/2025,108060,FORNECEDOR,4508609027,120,620226216R,PEÇA,000047046-3,"2,000","201,45","204,52","6,14",2110,3/4/2025,"R$ 225,37","R$ 204,52",0.0,"1,65","7,6",nan,nan
5,483,FAS,4/4/2025,108060,FORNECEDOR,4508608910,80,620226216R,PEÇA,000047047-3,"2,000","201,45","204,52","6,14",2110,3/4/2025,"R$ 225,37","R$ 204,52",0.0,"1,65","7,6",nan,nan
5,483,FAS,3/4/2025,108060,FORNECEDOR,4508608751,80,620226216R,PEÇA,000047048-3,"2,000","201,45","204,52","6,14",2110,3/4/2025,"R$ 225,37","R$ 204,52",0.0,"1,65","7,6",nan,nan
9,483,FAS,4/4/2025,108060,FORNECEDOR,4508609396,120,620226216R,PEÇA,000047053-3,"3,000","201,45","204,52","9,21",2110,3/4/2025,"R$ 225,37","R$ 204,52",0.0,"1,65","7,6",nan,nan
5,483,FAS,4/4/2025,108060,FORNECEDOR,4508609819,100,620226216R,PEÇA,000047057-3,"1,000","201,45","204,52","3,07",2110,3/4/2025,"R$ 225,37","R$ 204,52",0.0,"1,65","7,6",nan,nan
5,483,FAS,4/4/2025,108060,FORNECEDOR,4508610741,90,620226216R,PEÇA,000047066-3,"4,000","201,45","204,52","12,28",2110,4/4/2025,"R$ 225,37","R$ 204,52",0.0,"1,65","7,6",nan,nan
9,483,FAS,4/4/2025,108060,FORNECEDOR,4508611056,120,620226216R,PEÇA,000047070-3,"2,000","201,45","204,52","6,14",2110,4/4/2025,"R$ 225,37","R$ 204,52",0.0,"1,65","7,6",nan,nan
1,483,SJP,30/4/2025,137008,FORNECEDOR,4508620772,10,671A06064R,PEÇA,53508-1,"1.500,000","2,78","3,63","1.275,00",20,3/4/2025,"R$ 4,61","R$ 3,68",12.0,"1,65","7,6",SIM,nan
1,483,SJP,8/5/2025,137008,FORNECEDOR,4508665530,10,671A06064R,PEÇA,54040-1,"1.500,000","2,78","3,63","1.275,00",20,29/4/2025,"R$ 4,61","R$ 3,68",12.0,"1,65","7,6",SIM,nan
1,483,SJP,10/4/2025,132610,FORNECEDOR,4508620503,10,668356799R,PEÇA,000083575-1,"2.600,000","0,68","0,89","546,00",110,8/4/2025,"R$ 0,98","R$ 0,88",nan,"1,65","7,6",nan,"9,75"
1,483,SJP,22/5/2025,132610,FORNECEDOR,4508698761,10,668356799R,PEÇA,000084593-1,"2.600,000","0,68","0,89","546,00",110,20/5/2025,"R$ 0,98","R$ 0,88",nan,"1,65","7,6",nan,nan
1,483,SJP,24/5/2025,132610,FORNECEDOR,4508698762,10,668356799R,PEÇA,000084594-1,"2.600,000","0,68","0,89","546,00",110,20/5/2025,"R$ 0,98","R$ 0,88",nan,"1,65","7,6",nan,nan
5,483,SJP,8/4/2025,132610,FORNECEDOR,4508564437,50,682380471R,PEÇA,82709-1,"1.800,000","4,66","5,46","1.440,00",180,5/3/2025,"R$ 6,02","5,49",0.0,0,0,SIM,"9,75"
3,483,SJP,8/4/2025,132610,FORNECEDOR,4508596705,30,682380471R,PEÇA,83227-1,"1.800,000","4,66","5,46","1.440,00",180,25/3/2025,"R$ 6,02","5,49",0.0,0,0,SIM,"9,75"
2,483,FVU,17/4/2025,132610,FORNECEDOR,4508634742,20,682387457R,PEÇA,000083751-1,"4.500,000","0,55","0,56","45,00",130,15/4/2025,"R$ 0,70","0,55",12.0,"1,65","7,6",NÃO,0
2,483,FAS,23/4/2025,102294,FORNECEDOR,4508641230,20,671E51867R,PEÇA,000207697-1,"240,000","27,99","28,27","67,20",20,23/4/2025,"R$ 31,15","R$ 28,26",0.0,"1,65","7,6",SIM,nan
2,483,FAS,28/4/2025,102294,FORNECEDOR,4508633797,20,671E51867R,PEÇA,207539-1,"120,000","27,99","28,27","33,60",20,15/4/2025,"R$ 31,15","R$ 28,26",0.0,"1,65","7,6",SIM,nan
2,483,FAS,28/4/2025,102294,FORNECEDOR,4508634009,20,671E51867R,PEÇA,207559-1,"240,000","27,99","28,27","67,20",20,16/4/2025,"R$ 31,15","R$ 28,26",0.0,"1,65","7,6",SIM,nan
2,483,FAS,28/4/2025,102294,FORNECEDOR,4508637545,20,671E51867R,PEÇA,207647-1,"120,000","27,99","28,27","33,60",20,17/4/2025,"R$ 31,15","R$ 28,26",0.0,"1,65","7,6",SIM,nan
2,483,FAS,28/4/2025,102294,FORNECEDOR,4508640461,20,671E51867R,PEÇA,207679-1,"120,000","27,99","28,27","33,60",20,22/4/2025,"R$ 31,15","R$ 28,26",0.0,"1,65","7,6",SIM,nan
1,483,FAS,17/4/2025,102294,FORNECEDOR,4508633875,10,679000282R,PEÇA,000207549-1,"100,000","47,14","47,62","48,00",30,15/4/2025,"R$ 52,47","R$ 47,61",nan,"1,65","7,6",nan,nan
1,483,FAS,16/4/2025,102294,FORNECEDOR,4508634091,10,679000282R,PEÇA,000207573-1,"175,000","47,14","47,62","84,00",30,16/4/2025,"R$ 52,47","R$ 47,61",0.0,"1,65","7,6",SIM,nan
1,483,FAS,17/4/2025,102294,FORNECEDOR,4508635323,10,679000282R,PEÇA,000207602-1,"150,000","47,14","47,62","72,00",30,17/4/2025,"R$ 52,47","R$ 47,61",0.0,"1,65","7,6",SIM,nan
1,483,FAS,22/4/2025,102294,FORNECEDOR,4508638991,10,679000282R,PEÇA,000207656-1,"175,000","47,14","47,62","84,00",30,22/4/2025,"R$ 52,47","R$ 47,61",0.0,"1,65","7,6",SIM,nan
1,483,FAS,23/4/2025,102294,FORNECEDOR,4508640972,10,679000282R,PEÇA,000207689-1,"225,000","47,14","47,62","108,00",30,22/4/2025,"R$ 52,47","R$ 47,61",0.0,"1,65","7,6",SIM,nan
1,483,FAS,23/4/2025,102294,FORNECEDOR,4508642176,10,679000282R,PEÇA,000207713-1,"225,000","47,14","47,62","108,00",30,23/4/2025,"R$ 52,47","R$ 47,61",0.0,"1,65","7,6",SIM,nan
1,483,FAS,24/4/2025,102294,FORNECEDOR,4508648677,10,679000282R,PEÇA,000207740-1,"125,000","47,14","47,62","60,00",30,24/4/2025,"R$ 52,47","R$ 47,61",0.0,"1,65","7,6",SIM,nan
2,483,FAS,2/4/2025,102294,FORNECEDOR,4508604024,20,679002227R,PEÇA,000206951-1,"100,000","64,25","66,83","258,00",1330,28/3/2025,"R$ 73,64","R$ 66,82",nan,"1,65","7,6",nan,nan
2,483,FAS,1/4/2025,102294,FORNECEDOR,4508604760,20,679002227R,PEÇA,000207001-1,"75,000","64,25","66,83","193,50",1330,1/4/2025,"R$ 73,64","R$ 66,82",nan,"1,65","7,6",nan,nan
2,483,FAS,2/4/2025,102294,FORNECEDOR,4508608182,20,679002227R,PEÇA,000207080-1,"50,000","64,25","66,83","129,00",1330,2/4/2025,"R$ 73,64","R$ 66,82",nan,"1,65","7,6",nan,nan
1,483,FAS,3/4/2025,102294,FORNECEDOR,4508609382,10,679002227R,PEÇA,000207107-1,"25,000","64,25","66,83","64,50",1330,3/4/2025,"R$ 73,64","R$ 66,82",0.0,"1,65","7,6",SIM,nan
1,483,FAS,3/4/2025,102294,FORNECEDOR,4508609807,10,679002227R,PEÇA,000207121-1,"75,000","64,25","66,83","193,50",1330,3/4/2025,"R$ 73,64","R$ 66,82",0.0,"1,65","7,6",SIM,nan
2,483,FAS,4/4/2025,102294,FORNECEDOR,4508613205,20,679002227R,PEÇA,000207192-1,"75,000","64,25","66,83","193,50",1330,4/4/2025,"R$ 73,64","R$ 66,82",0.0,"1,65","7,6",SIM,nan
2,483,FAS,7/4/2025,102294,FORNECEDOR,4508616981,20,679002227R,PEÇA,000207237-1,"50,000","64,25","66,83","129,00",1330,7/4/2025,"R$ 73,64","R$ 66,82",0.0,"1,65","7,6",SIM,nan
3,483,FAS,23/4/2025,102294,FORNECEDOR,4508641230,30,679008655R,PEÇA,000207697-1,"300,000","21,91","22,13","66,00",40,23/4/2025,"R$ 24,39","R$ 22,13",nan,"1,65","7,6",nan,nan
3,483,FAS,28/4/2025,102294,FORNECEDOR,4508633797,30,679008655R,PEÇA,207539-1,"150,000","21,91","22,13","33,00",40,15/4/2025,"R$ 24,39","R$ 22,13",nan,"1,65","7,6",nan,nan
3,483,FAS,28/4/2025,102294,FORNECEDOR,4508634009,30,679008655R,PEÇA,207559-1,"150,000","21,91","22,13","33,00",40,16/4/2025,"R$ 24,39","R$ 22,13",0.0,"1,65","7,6",SIM,nan
3,483,FAS,28/4/2025,102294,FORNECEDOR,4508637545,30,679008655R,PEÇA,207647-1,"150,000","21,91","22,13","33,00",40,17/4/2025,"R$ 24,39","R$ 22,13",0.0,"1,65","7,6",SIM,nan
3,483,FAS,28/4/2025,102294,FORNECEDOR,4508640461,30,679008655R,PEÇA,207679-1,"225,000","21,91","22,13","49,50",40,22/4/2025,"R$ 24,39","R$ 22,13",0.0,"1,65","7,6",SIM,nan
3,483,FAS,9/5/2025,102294,FORNECEDOR,4508650412,30,679008655R,PEÇA,207778-1,"150,000","21,91","22,13","33,00",40,24/4/2025,"R$ 24,39","R$ 22,13",0.0,"1,65","7,6",SIM,nan
2,483,SJP,1/5/2025,132610,FORNECEDOR,4508637630,10,682380471R,PEÇA,000083844-1,"1.800,000","4,66","5,46","1.440,00",180,17/4/2025,"R$ 6,02","R$ 5,46",nan,"1,65","7,6",nan,"6,5"
5,483,SJP,24/5/2025,132610,FORNECEDOR,4508670588,50,682380471R,PEÇA,000084222-1,"1.800,000","4,66","5,46","1.440,00",180,6/5/2025,"R$ 6,02","R$ 5,46",nan,"1,65","7,6",nan,nan
1,483,FAS,11/4/2025,129702,FORNECEDOR,4508624569,10,727124285R,PEÇA,481748-2,"41,000","150,65","185,86","1.443,61",10,nan,"R$ 236,01","188,47",12.0,"1,65","7,6",NÃO,0
1,483,FAS,23/4/2025,133453,FORNECEDOR,4508580069,10,739101733R,PEÇA,44241-1,"18,000","292,83","474,54","3.270,78",210,nan,"R$ 506,45","R$ 459,60",0.0,"1,65","7,6",SIM,"3,25"
1,483,FAS,9/5/2025,101384,FORNECEDOR,4508668341,10,739102624R,PEÇA,000400598-1,"45,000","99,13","104,37","235,80",740,6/5/2025,"R$ 132,53","105,83",12.0,"1,65","7,6",nan,nan
1,483,FAS,17/5/2025,101384,FORNECEDOR,4508685743,10,739102624R,PEÇA,000401279-1,"90,000","99,13","104,37","471,60",740,14/5/2025,"R$ 132,53","R$ 105,83",12.0,"1,65","7,6",SIM,nan
1,483,FVU,8/4/2025,117680,FORNECEDOR,4508585565,10,732503871R,PEÇA,24175-1,"165,000","24,28","27,59","546,15",10,19/3/2025,"R$ 30,40","R$ 27,58",0.0,"1,65","7,6",nan,nan
1,483,FVU,8/4/2025,117680,FORNECEDOR,4508563155,10,732562803R,PEÇA,24017-1,"165,000","14,62","16,62","330,00",20,5/3/2025,"R$ 18,31","R$ 16,61",0.0,"1,65","7,6",nan,nan
1,483,FVU,8/4/2025,117680,FORNECEDOR,4508574610,10,732562803R,PEÇA,24083-1,"165,000","14,62","16,62","330,00",20,12/3/2025,"R$ 18,31","R$ 16,61",0.0,"1,65","7,6",nan,nan
2,483,FVU,8/4/2025,117680,FORNECEDOR,4508585565,20,732562803R,PEÇA,24175-1,"165,000","14,62","16,62","330,00",20,19/3/2025,"R$ 18,31","R$ 16,61",0.0,"1,65","7,6",nan,nan
2,483,FVU,8/4/2025,117680,FORNECEDOR,4508563155,20,732566668R,PEÇA,24017-1,"1.320,000","13,41","15,24","2.415,60",30,5/3/2025,"R$ 16,79","R$ 15,23",0.0,"1,65","7,6",nan,nan
2,483,FVU,8/4/2025,117680,FORNECEDOR,4508574610,20,732566668R,PEÇA,24083-1,"330,000","13,41","15,24","603,90",30,12/3/2025,"R$ 16,79","R$ 15,23",0.0,"1,65","7,6",nan,nan
3,483,FVU,8/4/2025,117680,FORNECEDOR,4508585565,30,732566668R,PEÇA,24175-1,"1.815,000","13,41","15,24","3.321,45",30,19/3/2025,"R$ 16,79","R$ 15,23",0.0,"1,65","7,6",nan,nan
4,483,FAS,2/4/2025,108060,FORNECEDOR,4508405168,40,620223601R,PEÇA,46885-3,"1,000","200,32","202,56","2,24",2000,24/3/2025,"R$ 223,20","R$ 202,55",0.0,"1,65","7,6",nan,nan
5,483,FAS,2/4/2025,108060,FORNECEDOR,4508405168,50,620224709R,PEÇA,46885-3,"1,000","202,77","205,00","2,23",2020,24/3/2025,"R$ 225,90","R$ 205,00",0.0,"1,65","7,6",nan,nan
3,483,SJP,8/5/2025,103415,FORNECEDOR,4508658120,30,668635019R,PEÇA,210069,"360,000","3,44","3,51","25,20",210,29/4/2025,"R$ 3,87","R$ 3,51",nan,"1,65","7,6",nan,5
1,483,FAS,2/4/2025,110781,FORNECEDOR,4508605395,10,738206375R,PEÇA,000129153-1,"48,000","24,91","245,60","10.593,12",10,31/3/2025,"R$ 311,88","R$ 283,03",nan,"1,65","7,6",nan,nan
1,483,FAS,2/4/2025,110781,FORNECEDOR,4508605931,10,738206375R,PEÇA,000129190-1,"72,000","24,91","245,60","15.889,68",10,1/4/2025,"R$ 311,88","R$ 283,03",nan,"1,65","7,6",nan,nan
1,483,FAS,3/4/2025,110781,FORNECEDOR,4508608752,10,738206375R,PEÇA,000129207-1,"72,000","24,91","245,60","15.889,68",10,1/4/2025,"R$ 311,88","R$ 283,03",nan,"1,65","7,6",nan,nan
1,483,FAS,4/4/2025,110781,FORNECEDOR,4508610068,10,738206375R,PEÇA,000129223-1,"72,000","24,91","245,60","15.889,68",10,2/4/2025,"R$ 311,88","R$ 283,03",nan,"1,65","7,6",nan,nan
1,483,FAS,5/4/2025,110781,FORNECEDOR,4508612889,10,738206375R,PEÇA,000129234-1,"96,000","24,91","245,60","21.186,24",10,3/4/2025,"R$ 311,88","R$ 283,03",nan,"1,65","7,6",nan,nan
1,483,FAS,9/4/2025,110781,FORNECEDOR,4508618751,10,738206375R,PEÇA,000129262-1,"144,000","24,91","245,60","31.779,36",10,7/4/2025,"R$ 311,88","R$ 283,03",nan,"1,65","7,6",nan,nan
1,483,FAS,11/4/2025,110781,FORNECEDOR,4508624335,10,738206375R,PEÇA,000129298-1,"48,000","24,91","245,60","10.593,12",10,9/4/2025,"R$ 311,88","R$ 283,03",nan,"1,65","7,6",nan,nan
1,483,FAS,12/4/2025,110781,FORNECEDOR,4508626459,10,738206375R,PEÇA,000129320-1,"96,000","24,91","245,60","21.186,24",10,10/4/2025,"R$ 311,88","R$ 283,03",nan,"1,65","7,6",nan,nan
1,483,FAS,17/4/2025,110781,FORNECEDOR,4508633565,10,738206375R,PEÇA,000129342-1,"72,000","24,91","245,60","15.889,68",10,14/4/2025,"R$ 311,88","R$ 283,03",nan,"1,65","7,6",nan,nan
1,483,FAS,23/4/2025,110781,FORNECEDOR,4508640329,10,738206375R,PEÇA,000129367-1,"24,000","24,91","245,60","5.296,56",10,15/4/2025,"R$ 311,88","R$ 283,03",nan,"1,65","7,6",nan,nan
2,483,FAS,2/4/2025,110781,FORNECEDOR,4508605395,20,738214780R,PEÇA,000129153-1,"96,000","21,23","209,38","18.062,40",20,31/3/2025,"R$ 265,88","R$ 241,28",nan,"1,65","7,6",nan,nan
2,483,FAS,2/4/2025,110781,FORNECEDOR,4508605931,20,738214780R,PEÇA,000129190-1,"264,000","21,23","209,38","49.671,60",20,1/4/2025,"R$ 265,88","R$ 241,28",nan,"1,65","7,6",nan,nan
2,483,FAS,4/4/2025,110781,FORNECEDOR,4508610068,20,738214780R,PEÇA,000129223-1,"72,000","21,23","209,38","13.546,80",20,2/4/2025,"R$ 265,88","R$ 241,28",nan,"1,65","7,6",nan,nan
2,483,FAS,5/4/2025,110781,FORNECEDOR,4508612889,20,738214780R,PEÇA,000129234-1,"120,000","21,23","209,38","22.578,00",20,3/4/2025,"R$ 265,88","R$ 241,28",nan,"1,65","7,6",nan,nan
2,483,FAS,9/4/2025,110781,FORNECEDOR,4508618751,20,738214780R,PEÇA,000129262-1,"312,000","21,23","209,38","58.702,80",20,7/4/2025,"R$ 265,88","R$ 241,28",nan,"1,65","7,6",nan,nan
2,483,FAS,11/4/2025,110781,FORNECEDOR,4508624335,20,738214780R,PEÇA,000129298-1,"120,000","21,23","209,38","22.578,00",20,9/4/2025,"R$ 265,88","R$ 241,28",nan,"1,65","7,6",nan,nan
1,483,FAS,12/4/2025,110781,FORNECEDOR,4508626454,10,738214780R,PEÇA,000129316-1,"336,000","21,23","209,38","63.218,40",20,10/4/2025,"R$ 265,88","R$ 241,28",nan,"1,65","7,6",nan,nan
3,483,FAS,2/4/2025,110781,FORNECEDOR,4508605395,30,738216242R,PEÇA,000129153-1,"96,000","21,23","209,38","18.062,40",30,31/3/2025,"R$ 265,88","R$ 241,28",nan,"1,65","7,6",nan,nan
2,483,FAS,3/4/2025,110781,FORNECEDOR,4508608752,20,738216242R,PEÇA,000129207-1,"240,000","21,23","209,38","45.156,00",30,1/4/2025,"R$ 265,88","R$ 241,28",nan,"1,65","7,6",nan,nan
3,483,FAS,4/4/2025,110781,FORNECEDOR,4508610068,30,738216242R,PEÇA,000129223-1,"72,000","21,23","209,38","13.546,80",30,2/4/2025,"R$ 265,88","R$ 241,28",nan,"1,65","7,6",nan,nan
3,483,FAS,5/4/2025,110781,FORNECEDOR,4508612889,30,738216242R,PEÇA,000129234-1,"120,000","21,23","209,38","22.578,00",30,3/4/2025,"R$ 265,88","R$ 241,28",nan,"1,65","7,6",nan,nan
3,483,FAS,9/4/2025,110781,FORNECEDOR,4508618751,30,738216242R,PEÇA,000129262-1,"312,000","21,23","209,38","58.702,80",30,7/4/2025,"R$ 265,88","R$ 241,28",nan,"1,65","7,6",nan,nan
3,483,FAS,11/4/2025,110781,FORNECEDOR,4508624335,30,738216242R,PEÇA,000129298-1,"144,000","21,23","209,38","27.093,60",30,9/4/2025,"R$ 265,88","R$ 241,28",nan,"1,65","7,6",nan,nan
2,483,FAS,12/4/2025,110781,FORNECEDOR,4508626454,20,738216242R,PEÇA,000129316-1,"336,000","21,23","209,38","63.218,40",30,10/4/2025,"R$ 265,88","R$ 241,28",nan,"1,65","7,6",nan,nan
4,483,FAS,2/4/2025,110781,FORNECEDOR,4508604342,40,738217174R,PEÇA,000129123-1,"48,000","25,13","245,60","10.582,56",40,28/3/2025,"R$ 311,88","R$ 283,03",nan,"1,65","7,6",nan,nan
4,483,FAS,2/4/2025,110781,FORNECEDOR,4508605395,40,738217174R,PEÇA,000129153-1,"48,000","24,91","245,60","10.593,12",40,31/3/2025,"R$ 311,88","R$ 283,03",nan,"1,65","7,6",nan,nan
3,483,FAS,2/4/2025,110781,FORNECEDOR,4508605931,30,738217174R,PEÇA,000129190-1,"144,000","24,91","245,60","31.779,36",40,1/4/2025,"R$ 311,88","R$ 283,03",nan,"1,65","7,6",nan,nan
4,483,FAS,4/4/2025,110781,FORNECEDOR,4508610068,40,738217174R,PEÇA,000129223-1,"48,000","24,91","245,60","10.593,12",40,2/4/2025,"R$ 311,88","R$ 283,03",nan,"1,65","7,6",nan,nan
4,483,FAS,5/4/2025,110781,FORNECEDOR,4508612889,40,738217174R,PEÇA,000129234-1,"96,000","24,91","245,60","21.186,24",40,3/4/2025,"R$ 311,88","R$ 283,03",nan,"1,65","7,6",nan,nan
4,483,FAS,9/4/2025,110781,FORNECEDOR,4508618751,40,738217174R,PEÇA,000129262-1,"168,000","24,91","245,60","37.075,92",40,7/4/2025,"R$ 311,88","R$ 283,03",nan,"1,65","7,6",nan,nan
4,483,FAS,11/4/2025,110781,FORNECEDOR,4508624335,40,738217174R,PEÇA,000129298-1,"48,000","24,91","245,60","10.593,12",40,9/4/2025,"R$ 311,88","R$ 283,03",nan,"1,65","7,6",nan,nan
1,483,FAS,14/5/2025,133453,FORNECEDOR,4508538985,10,739101733R,PEÇA,43416-1,"5,000","292,83","459,60","833,85",210,nan,"R$ 506,45","R$ 459,60",nan,"1,65","7,6",nan,"3,25"
1,483,FAS,2/5/2025,133453,FORNECEDOR,4508555838,10,739101733R,PEÇA,43785-1,"4,000","292,83","459,60","667,08",210,17/3/2024,"R$ 506,45","R$ 459,60",0.0,"1,65","7,6",SIM,"3,25"
1,483,FAS,18/5/2025,101384,FORNECEDOR,4508690052,10,739102624R,PEÇA,000401496-1,"45,000","99,13","104,37","235,80",740,15/5/2025,"R$ 132,53","R$ 105,83",12.0,"1,65","7,6",SIM,nan
1,483,FAS,2/5/2025,133453,FORNECEDOR,4508555839,10,739102008R,PEÇA,43789-1,"9,000","177,88","279,48","914,40",220,nan,"R$ 307,97","R$ 279,48",nan,"1,65","7,6",nan,"3,25"
1,483,FAS,27/4/2025,133453,FORNECEDOR,4508653754,10,739102008R,PEÇA,45226-1,"10,000","177,88","202,14","242,60",220,nan,"R$ 222,74","R$ 202,13",nan,"1,65","7,6",nan,nan
1,483,FAS,3/4/2025,101384,FORNECEDOR,4508607517,10,739102859R,PEÇA,000398031-1,"90,000","99,13","104,37","471,60",750,1/4/2025,"R$ 132,53","105,83",12.0,"1,65","7,6",SIM,0
1,483,FAS,4/4/2025,101384,FORNECEDOR,4508609366,10,739102859R,PEÇA,000398154-1,"45,000","99,13","104,37","235,80",750,2/4/2025,"R$ 132,53","105,83",12.0,"1,65","7,6",SIM,0
1,483,FAS,4/4/2025,101384,FORNECEDOR,4508611920,10,739102859R,PEÇA,000398285-1,"90,000","99,13","104,37","471,60",750,3/4/2025,"R$ 132,53","105,83",12.0,"1,65","7,6",SIM,0
1,483,FAS,10/4/2025,101384,FORNECEDOR,4508620386,10,739102859R,PEÇA,000398650-1,"90,000","99,13","104,37","471,60",750,8/4/2025,"R$ 132,53","105,83",12.0,"1,65","7,6",SIM,0
1,483,SJP,3/4/2025,101384,FORNECEDOR,4508607476,10,739102859R,PEÇA,000398074-1,"75,000","127,57","132,63","379,50",340,1/4/2025,"R$ 146,15","R$ 132,63",nan,"1,65","7,6",nan,"3,25"
1,483,FAS,18/4/2025,101384,FORNECEDOR,4508635315,10,739102859R,PEÇA,000399373-1,"90,000","99,13","104,37","471,60",750,16/4/2025,"R$ 132,53","105,83",12.0,"1,65","7,6",SIM,0
1,483,FAS,24/4/2025,101384,FORNECEDOR,4508641097,10,739102859R,PEÇA,000399621-1,"45,000","99,13","104,37","235,80",750,22/4/2025,"R$ 132,53","105,83",12.0,"1,65","7,6",SIM,0
1,483,FAS,8/5/2025,101384,FORNECEDOR,4508668340,10,739102859R,PEÇA,000400597-1,"90,000","99,13","104,37","471,60",750,6/5/2025,"R$ 132,53","105,83",12.0,"1,65","7,6",SIM,0
1,483,SJP,10/4/2025,101384,FORNECEDOR,4508621594,10,739102859R,PEÇA,000398693-1,"150,000","127,57","132,63","759,00",340,8/4/2025,"R$ 146,15","R$ 132,63",0.0,"1,65","7,6",SIM,"3,25"
1,483,SJP,17/4/2025,101384,FORNECEDOR,4508631998,10,739102859R,PEÇA,000399277-1,"105,000","127,57","132,63","531,30",340,15/4/2025,"R$ 146,15","R$ 132,63",0.0,"1,65","7,6",SIM,"3,25"
1,483,FAS,9/5/2025,101384,FORNECEDOR,4508670749,10,739102859R,PEÇA,000400712-1,"90,000","99,13","104,37","471,60",750,7/5/2025,"R$ 132,53","105,83",12.0,"1,65","7,6",SIM,0
1,483,FAS,10/5/2025,101384,FORNECEDOR,4508674283,10,739102859R,PEÇA,000400818-1,"45,000","99,13","104,37","235,80",750,8/5/2025,"R$ 132,53","105,83",12.0,"1,65","7,6",SIM,0
1,483,SJP,24/4/2025,101384,FORNECEDOR,4508641275,10,739102859R,PEÇA,000399663-1,"135,000","127,57","132,63","683,10",340,22/4/2025,"R$ 146,15","R$ 132,63",0.0,"1,65","7,6",SIM,"3,25"
1,483,SJP,3/5/2025,101384,FORNECEDOR,4508661526,10,739102859R,PEÇA,000400228-1,"165,000","127,57","132,63","834,90",340,29/4/2025,"R$ 146,15","R$ 132,63",0.0,"1,65","7,6",SIM,"3,25"
1,483,FAS,14/5/2025,101384,FORNECEDOR,4508683018,10,739102859R,PEÇA,000401168-1,"45,000","99,13","104,37","235,80",750,13/5/2025,"R$ 132,53","105,83",12.0,"1,65","7,6",SIM,0
1,483,SJP,8/5/2025,101384,FORNECEDOR,4508668384,10,739102859R,PEÇA,000400622-1,"180,000","127,57","132,63","910,80",340,6/5/2025,"R$ 146,15","R$ 132,63",0.0,"1,65","7,6",SIM,"3,25"
1,483,FAS,16/5/2025,101384,FORNECEDOR,4508685741,10,739102859R,PEÇA,000401277-1,"45,000","99,13","104,37","235,80",750,14/5/2025,"R$ 132,53","105,83",12.0,"1,65","7,6",SIM,0
1,483,FAS,17/5/2025,101384,FORNECEDOR,4508689790,10,739102859R,PEÇA,000401414-1,"45,000","99,13","104,37","235,80",750,15/5/2025,"R$ 132,53","105,83",12.0,"1,65","7,6",SIM,0
1,483,FAS,20/5/2025,101384,FORNECEDOR,4508692946,10,739102859R,PEÇA,000401604-1,"180,000","99,13","104,37","943,20",750,16/5/2025,"R$ 132,53","105,83",12.0,"1,65","7,6",SIM,0
1,483,SJP,15/5/2025,101384,FORNECEDOR,4508683117,10,739102859R,PEÇA,000401231-1,"150,000","127,57","132,63","759,00",340,13/5/2025,"R$ 146,15","R$ 132,63",0.0,"1,65","7,6",SIM,"3,25"
1,483,FAS,22/5/2025,101384,FORNECEDOR,4508697086,10,739102859R,PEÇA,000401814-1,"180,000","99,13","104,37","943,20",750,20/5/2025,"R$ 132,53","105,83",12.0,"1,65","7,6",SIM,0
1,483,FAS,23/5/2025,101384,FORNECEDOR,4508699268,10,739102859R,PEÇA,000401935-1,"90,000","99,13","104,37","471,60",750,21/5/2025,"R$ 132,53","105,83",12.0,"1,65","7,6",SIM,0
1,483,FAS,24/5/2025,101384,FORNECEDOR,4508703118,10,739102859R,PEÇA,000402070-1,"90,000","99,13","104,37","471,60",750,22/5/2025,"R$ 132,53","105,83",12.0,"1,65","7,6",SIM,0
1,483,SJP,22/5/2025,101384,FORNECEDOR,4508697262,10,739102859R,PEÇA,000401781-1,"195,000","127,57","132,63","986,70",340,20/5/2025,"R$ 146,15","R$ 132,63",0.0,"1,65","7,6",SIM,"3,25"
1,483,FAS,11/4/2025,101384,FORNECEDOR,4508625734,10,739102859R,PEÇA,398892-1,"90,000","99,13","104,37","471,60",750,10/4/2025,"R$ 132,53","105,83",12.0,"1,65","7,6",SIM,0
1,483,FAS,24/4/2025,101384,FORNECEDOR,4508644852,10,739102859R,PEÇA,399721-1,"45,000","99,13","104,37","235,80",750,23/4/2025,"R$ 132,53","105,83",12.0,"1,65","7,6",SIM,0
1,483,FAS,26/4/2025,101384,FORNECEDOR,4508651057,10,739102859R,PEÇA,399844-1,"90,000","99,13","104,37","471,60",750,24/4/2025,"R$ 132,53","105,83",12.0,"1,65","7,6",SIM,0
1,483,SJP,29/5/2025,101384,FORNECEDOR,4508713820,10,739102859R,PEÇA,000402456-1,"360,000","127,57","132,63","1.821,60",340,27/5/2025,"R$ 146,15","R$ 132,63",0.0,"1,65","7,6",SIM,"3,25"
1,483,FAS,3/4/2025,101384,FORNECEDOR,4508607518,10,739105089R,PEÇA,000398032-1,"45,000","99,13","104,37","235,80",730,1/4/2025,"R$ 132,53","105,83",12.0,"1,65","7,6",SIM,nan
1,483,FAS,4/4/2025,101384,FORNECEDOR,4508609368,10,739105089R,PEÇA,000398155-1,"45,000","99,13","104,37","235,80",730,2/4/2025,"R$ 132,53","105,83",12.0,"1,65","7,6",SIM,nan
1,483,FAS,4/4/2025,101384,FORNECEDOR,4508611924,10,739105089R,PEÇA,000398289-1,"45,000","99,13","104,37","235,80",730,3/4/2025,"R$ 132,53","105,83",12.0,"1,65","7,6",SIM,nan
1,483,FAS,10/4/2025,101384,FORNECEDOR,4508620388,10,739105089R,PEÇA,000398651-1,"90,000","99,13","104,37","471,60",730,8/4/2025,"R$ 132,53","105,83",12.0,"1,65","7,6",SIM,nan
1,483,SJP,3/4/2025,101384,FORNECEDOR,4508607477,10,739105089R,PEÇA,000398075-1,"90,000","127,57","132,63","455,40",350,1/4/2025,"R$ 146,15","R$ 132,63",0.0,"1,65","7,6",SIM,nan
1,483,FAS,17/4/2025,101384,FORNECEDOR,4508634045,10,739105089R,PEÇA,000399261-1,"45,000","99,13","104,37","235,80",730,15/4/2025,"R$ 132,53","105,83",12.0,"1,65","7,6",SIM,nan
1,483,FAS,18/4/2025,101384,FORNECEDOR,4508635316,10,739105089R,PEÇA,000399374-1,"45,000","99,13","104,37","235,80",730,16/4/2025,"R$ 132,53","105,83",12.0,"1,65","7,6",SIM,nan
1,483,FAS,24/4/2025,101384,FORNECEDOR,4508641098,10,739105089R,PEÇA,000399622-1,"90,000","99,13","104,37","471,60",730,22/4/2025,"R$ 132,53","105,83",12.0,"1,65","7,6",SIM,nan
1,483,SJP,10/4/2025,101384,FORNECEDOR,4508621595,10,739105089R,PEÇA,000398694-1,"300,000","127,57","132,63","1.518,00",350,8/4/2025,"R$ 146,15","R$ 132,63",0.0,"1,65","7,6",SIM,nan
1,483,FAS,9/5/2025,101384,FORNECEDOR,4508670750,10,739105089R,PEÇA,000400713-1,"45,000","99,13","104,37","235,80",730,7/5/2025,"R$ 132,53","105,83",12.0,"1,65","7,6",SIM,nan
1,483,SJP,17/4/2025,101384,FORNECEDOR,4508631999,10,739105089R,PEÇA,000399278-1,"90,000","127,57","132,63","455,40",350,15/4/2025,"R$ 146,15","R$ 132,63",0.0,"1,65","7,6",SIM,nan
1,483,FAS,10/5/2025,101384,FORNECEDOR,4508674284,10,739105089R,PEÇA,000400819-1,"45,000","99,13","104,37","235,80",730,8/5/2025,"R$ 132,53","105,83",12.0,"1,65","7,6",SIM,nan
1,483,FAS,14/5/2025,101384,FORNECEDOR,4508683019,10,739105089R,PEÇA,000401169-1,"45,000","99,13","104,37","235,80",730,13/5/2025,"R$ 132,53","105,83",12.0,"1,65","7,6",SIM,nan
1,483,SJP,24/4/2025,101384,FORNECEDOR,4508641276,10,739105089R,PEÇA,000399664-1,"270,000","127,57","132,63","1.366,20",350,22/4/2025,"R$ 146,15","R$ 132,63",0.0,"1,65","7,6",SIM,nan
1,483,SJP,1/5/2025,101384,FORNECEDOR,4508660113,10,739105089R,PEÇA,000400225-1,"120,000","127,57","132,63","607,20",350,29/4/2025,"R$ 146,15","R$ 132,63",0.0,"1,65","7,6",SIM,nan
1,483,SJP,9/5/2025,101384,FORNECEDOR,4508673420,10,739105089R,PEÇA,000400620-1,"105,000","127,57","132,63","531,30",350,6/5/2025,"R$ 146,15","R$ 132,63",0.0,"1,65","7,6",SIM,nan
1,483,FAS,16/5/2025,101384,FORNECEDOR,4508685742,10,739105089R,PEÇA,000401278-1,"45,000","99,13","104,37","235,80",730,14/5/2025,"R$ 132,53","105,83",12.0,"1,65","7,6",SIM,nan
1,483,FAS,17/5/2025,101384,FORNECEDOR,4508689791,10,739105089R,PEÇA,000401415-1,"45,000","99,13","104,37","235,80",730,15/5/2025,"R$ 132,53","105,83",12.0,"1,65","7,6",SIM,nan
1,483,FAS,23/5/2025,101384,FORNECEDOR,4508699269,10,739105089R,PEÇA,000401936-1,"45,000","99,13","104,37","235,80",730,21/5/2025,"R$ 132,53","105,83",12.0,"1,65","7,6",SIM,nan
1,483,SJP,15/5/2025,101384,FORNECEDOR,4508683118,10,739105089R,PEÇA,000401232-1,"240,000","127,57","132,63","1.214,40",350,13/5/2025,"R$ 146,15","R$ 132,63",0.0,"1,65","7,6",SIM,nan
1,483,FAS,24/5/2025,101384,FORNECEDOR,4508703119,10,739105089R,PEÇA,000402071-1,"45,000","99,13","104,37","235,80",730,22/5/2025,"R$ 132,53","105,83",12.0,"1,65","7,6",SIM,nan
1,483,FAS,11/4/2025,101384,FORNECEDOR,4508625736,10,739105089R,PEÇA,398893-1,"90,000","99,13","104,37","471,60",730,10/4/2025,"R$ 132,53","105,83",12.0,"1,65","7,6",SIM,nan
1,483,SJP,22/5/2025,101384,FORNECEDOR,4508697263,10,739105089R,PEÇA,000401782-1,"300,000","127,57","132,63","1.518,00",350,20/5/2025,"R$ 146,15","R$ 132,63",0.0,"1,65","7,6",SIM,nan
1,483,FAS,24/4/2025,101384,FORNECEDOR,4508644854,10,739105089R,PEÇA,399722-1,"90,000","99,13","104,37","471,60",730,23/4/2025,"R$ 132,53","105,83",12.0,"1,65","7,6",SIM,nan
1,483,FAS,26/4/2025,101384,FORNECEDOR,4508651059,10,739105089R,PEÇA,399845-1,"90,000","99,13","104,37","471,60",730,24/4/2025,"R$ 132,53","105,83",12.0,"1,65","7,6",SIM,nan
1,483,SJP,28/5/2025,101384,FORNECEDOR,4508711562,10,739105089R,PEÇA,000402453-1,"135,000","127,57","132,63","683,10",350,27/5/2025,"R$ 146,15","R$ 132,63",0.0,"1,65","7,6",SIM,nan
3,483,SJP,10/5/2025,124400,FORNECEDOR,4508673618,30,743238788R,PEÇA,000468280-1,"450,000","17,90","19,72","819,00",510,7/5/2025,"R$ 19,72","R$ 17,89",0.0,"1,65","7,6",nan,0
3,483,FVU,28/5/2025,104290,FORNECEDOR,4508704982,30,755237722R,PEÇA,000062325-3,"360,000","16,48","16,99","183,60",20,22/5/2025,"R$ 21,36","R$ 17,05",12.0,"1,65","7,6",SIM,nan
4,483,FVU,28/5/2025,104290,FORNECEDOR,4508704982,40,756103395R,PEÇA,000062325-3,"240,000","37,46","39,42","470,40",30,22/5/2025,"R$ 41,38","R$ 33,04",12.0,"1,65","7,6",SIM,nan
1,483,FVU,8/4/2025,137008,FORNECEDOR,4508616347,10,762314906R,PEÇA,000053516-1,"500,000","40,34","42,02","840,00",10,3/4/2025,"R$ 53,36","42,61",12.0,"1,65","7,6",nan,nan
1,483,FAS,23/4/2025,130936,FORNECEDOR,4508641986,10,749021165R,PEÇA,000048770-1,"80,000","119,77","123,92","332,00",190,23/4/2025,"R$ 136,55","R$ 123,91",nan,"1,65","7,6",nan,nan
1,483,FAS,23/4/2025,130936,FORNECEDOR,4508641987,10,749021165R,PEÇA,000048771-1,"120,000","119,77","123,92","498,00",190,23/4/2025,"R$ 136,55","R$ 123,91",nan,"1,65","7,6",nan,nan
2,483,FAS,12/4/2025,110781,FORNECEDOR,4508626459,20,738217174R,PEÇA,000129320-1,"96,000","24,91","245,60","21.186,24",40,10/4/2025,"R$ 311,88","R$ 283,03",nan,"1,65","7,6",nan,nan
3,483,FVU,2/4/2025,102294,FORNECEDOR,4508608879,30,749028808R,PEÇA,000207091-1,"16,000","349,06","396,65","761,44",200,2/4/2025,"R$ 437,08","R$ 396,65",nan,"1,65","7,6",nan,nan
3,483,FVU,5/4/2025,102294,FORNECEDOR,4508613922,30,749028808R,PEÇA,000207202-1,"8,000","349,06","396,65","380,72",200,4/4/2025,"R$ 437,08","R$ 396,65",0.0,"1,65","7,6",SIM,nan
2,483,FAS,24/4/2025,102294,FORNECEDOR,4508641948,20,749401051R,PEÇA,207704-1,"240,000","3,82","4,15","79,20",1390,23/4/2025,"R$ 4,57","R$ 4,14",nan,"1,65","7,6",nan,nan
