Codigo_Litigio,Item_Fatura,Status,Empresa,Centro,Grupo_Compradores,Data_Criacao,Fornecedor,Nome_Fornecedor,Documento_Compras,Item,Material,Descricao_Material,Referencia,Quantidade,Preco_Contrato,Preco_Fatura,Valor_Diferenca,Montante,Item_Contrato,
2788558,3,NFL,483,FAS,SCO,1/4/2025,108060,FORNECEDOR,4508604440,70,620223601R,PEÇA,000047006-3,4,"R$ 199,51","R$ 202,55","R$ 3,04","R$ 12,16",662313,2000
2788558,4,NFL,483,FAS,SCO,1/4/2025,108060,FORNECEDOR,4508604440,80,620226216R,PEÇA,000047006-3,1,"R$ 201,45","R$ 204,52","R$ 3,07","R$ 3,07",662313,2110
2788747,3,NFL,483,FAS,SCO,1/4/2025,108060,FORNECEDOR,4508598899,80,620223601R,PEÇA,000046964-3,6,"R$ 199,51","R$ 202,55","R$ 3,04","R$ 18,24",662313,2000
2788747,4,NFL,483,FAS,SCO,1/4/2025,108060,FORNECEDOR,4508598899,90,620224709R,PEÇA,000046964-3,6,"R$ 201,93","R$ 205,00","R$ 3,07","R$ 18,42",662313,2020
2788747,5,NFL,483,FAS,SCO,1/4/2025,108060,FORNECEDOR,4508598899,100,620226216R,PEÇA,000046964-3,2,"R$ 201,45","R$ 204,52","R$ 3,07","R$ 6,14",662313,2110
2788748,4,NFL,483,FAS,SCO,1/4/2025,108060,FORNECEDOR,4508599229,90,620223601R,PEÇA,000046966-3,8,"R$ 199,51","R$ 202,55","R$ 3,04","R$ 24,32",662313,2000
2788748,8,NFL,483,FAS,SCO,1/4/2025,108060,FORNECEDOR,4508599229,100,620224709R,PEÇA,000046966-3,1,"R$ 201,93","R$ 205,00","R$ 3,07","R$ 3,07",662313,2020
2788748,5,NFL,483,FAS,SCO,1/4/2025,108060,FORNECEDOR,4508599229,110,620226216R,PEÇA,000046966-3,4,"R$ 201,45","R$ 204,52","R$ 3,07","R$ 12,28",662313,2110
2788750,3,NFL,483,FAS,SCO,1/4/2025,108060,FORNECEDOR,4508599847,50,620223601R,PEÇA,000046981-3,1,"R$ 199,51","R$ 202,56","R$ 3,05","R$ 3,05",662313,2000
2788750,4,NFL,483,FAS,SCO,1/4/2025,108060,FORNECEDOR,4508599847,60,620226216R,PEÇA,000046981-3,1,"R$ 201,45","R$ 204,52","R$ 3,07","R$ 3,07",662313,2110
2788762,3,NFL,483,FAS,SCO,1/4/2025,108060,FORNECEDOR,4508599624,80,620223601R,PEÇA,000046970-3,7,"R$ 199,51","R$ 202,55","R$ 3,04","R$ 21,28",662313,2000
2788762,4,NFL,483,FAS,SCO,1/4/2025,108060,FORNECEDOR,4508599624,90,620224709R,PEÇA,000046970-3,3,"R$ 201,93","R$ 205,00","R$ 3,07","R$ 9,21",662313,2020
2788762,5,NFL,483,FAS,SCO,1/4/2025,108060,FORNECEDOR,4508599624,100,620226216R,PEÇA,000046970-3,1,"R$ 201,45","R$ 204,52","R$ 3,07","R$ 3,07",662313,2110
2788766,3,NFL,483,FAS,SCO,1/4/2025,108060,FORNECEDOR,4508599667,60,620223601R,PEÇA,000046972-3,1,"R$ 199,51","R$ 202,56","R$ 3,05","R$ 3,05",662313,2000
2788766,4,NFL,483,FAS,SCO,1/4/2025,108060,FORNECEDOR,4508599667,70,620224709R,PEÇA,000046972-3,3,"R$ 201,93","R$ 205,00","R$ 3,07","R$ 9,21",662313,2020
2788766,5,NFL,483,FAS,SCO,1/4/2025,108060,FORNECEDOR,4508599667,80,620226216R,PEÇA,000046972-3,3,"R$ 201,45","R$ 204,52","R$ 3,07","R$ 9,21",662313,2110
2788947,2,NFL,483,FAS,SCO,1/4/2025,102294,FORNECEDOR,4508604760,20,679002227R,PEÇA,000207001-1,75,"R$ 64,25","R$ 66,83","R$ 2,58","R$ 193,50",4600016932,1330
2789047,5,NFL,483,FAS,SCO,1/4/2025,108060,FORNECEDOR,4508604331,100,620223601R,PEÇA,000047005-3,7,"R$ 199,51","R$ 202,55","R$ 3,04","R$ 21,28",662313,2000
2789047,9,NFL,483,FAS,SCO,1/4/2025,108060,FORNECEDOR,4508604331,110,620226216R,PEÇA,000047005-3,3,"R$ 201,45","R$ 204,52","R$ 3,07","R$ 9,21",662313,2110
2789184,4,NFL,483,FAS,SCO,1/4/2025,108060,FORNECEDOR,4508604743,70,620223601R,PEÇA,000047013-3,2,"R$ 199,51","R$ 202,55","R$ 3,04","R$ 6,08",662313,2000
2789184,5,NFL,483,FAS,SCO,1/4/2025,108060,FORNECEDOR,4508604743,80,620226216R,PEÇA,000047013-3,2,"R$ 201,45","R$ 204,52","R$ 3,07","R$ 6,14",662313,2110
2789186,4,NFL,483,FAS,SCO,1/4/2025,108060,FORNECEDOR,4508604623,60,620223601R,PEÇA,000047010-3,5,"R$ 199,51","R$ 202,55","R$ 3,04","R$ 15,20",662313,2000
2789186,5,NFL,483,FAS,SCO,1/4/2025,108060,FORNECEDOR,4508604623,70,620226216R,PEÇA,000047010-3,2,"R$ 201,45","R$ 204,52","R$ 3,07","R$ 6,14",662313,2110
2789187,4,NFL,483,FAS,SCO,1/4/2025,108060,FORNECEDOR,4508604670,60,620223601R,PEÇA,000047011-3,3,"R$ 199,51","R$ 202,55","R$ 3,04","R$ 9,12",662313,2000
2789187,5,NFL,483,FAS,SCO,1/4/2025,108060,FORNECEDOR,4508604670,70,620226216R,PEÇA,000047011-3,2,"R$ 201,45","R$ 204,52","R$ 3,07","R$ 6,14",662313,2110
2789188,3,NFL,483,FAS,SCO,1/4/2025,108060,FORNECEDOR,4508604757,40,620223601R,PEÇA,000047014-3,1,"R$ 199,51","R$ 202,56","R$ 3,05","R$ 3,05",662313,2000
2789188,4,NFL,483,FAS,SCO,1/4/2025,108060,FORNECEDOR,4508604757,50,620226216R,PEÇA,000047014-3,1,"R$ 201,45","R$ 204,52","R$ 3,07","R$ 3,07",662313,2110
2789190,3,NFL,483,FAS,SCO,1/4/2025,108060,FORNECEDOR,4508605054,60,620223601R,PEÇA,000047019-3,4,"R$ 199,51","R$ 202,55","R$ 3,04","R$ 12,16",662313,2000
2789190,4,NFL,483,FAS,SCO,1/4/2025,108060,FORNECEDOR,4508605054,70,620224709R,PEÇA,000047019-3,1,"R$ 201,93","R$ 205,00","R$ 3,07","R$ 3,07",662313,2020
2789190,5,NFL,483,FAS,SCO,1/4/2025,108060,FORNECEDOR,4508605054,80,620226216R,PEÇA,000047019-3,3,"R$ 201,45","R$ 204,52","R$ 3,07","R$ 9,21",662313,2110
2789203,4,NFL,483,FAS,SCO,1/4/2025,108060,FORNECEDOR,4508604504,80,620223601R,PEÇA,000047008-3,6,"R$ 199,51","R$ 202,55","R$ 3,04","R$ 18,24",662313,2000
2789203,5,NFL,483,FAS,SCO,1/4/2025,108060,FORNECEDOR,4508604504,90,620226216R,PEÇA,000047008-3,3,"R$ 201,45","R$ 204,52","R$ 3,07","R$ 9,21",662313,2110
2789243,1,NFL,483,FAS,SCO,2/4/2025,108060,FORNECEDOR,4508405168,10,62010N081R,PEÇA,46885-3,2,"R$ 428,38","R$ 439,34","R$ 10,96","R$ 21,92",662376,80
2789243,2,NFL,483,FAS,SCO,2/4/2025,108060,FORNECEDOR,4508405168,20,62010N831R,PEÇA,46885-3,2,"R$ 313,36","R$ 324,33","R$ 10,97","R$ 21,94",662376,190
2789243,3,NFL,483,FAS,SCO,2/4/2025,108060,FORNECEDOR,4508405168,30,62010N847R,PEÇA,46885-3,2,"R$ 587,48","R$ 602,73","R$ 15,25","R$ 30,50",662376,200
2789243,4,NFL,483,FAS,SCO,2/4/2025,108060,FORNECEDOR,4508405168,40,620223601R,PEÇA,46885-3,1,"R$ 200,32","R$ 202,56","R$ 2,24","R$ 2,24",662313,2000
2789243,5,NFL,483,FAS,SCO,2/4/2025,108060,FORNECEDOR,4508405168,50,620224709R,PEÇA,46885-3,1,"R$ 202,77","R$ 205,00","R$ 2,23","R$ 2,23",662313,2020
2789417,2,NFL,483,FAS,SCO,2/4/2025,102294,FORNECEDOR,4508604024,20,679002227R,PEÇA,000206951-1,100,"R$ 64,25","R$ 66,83","R$ 2,58","R$ 258,00",4600016932,1330
2789429,4,NFL,483,FAS,SCO,2/4/2025,110781,FORNECEDOR,4508604342,40,738217174R,PEÇA,000129123-1,48,"R$ 25,13","R$ 245,60","R$ 220,47","R$ 10.582,56",710695,40
2789603,3,NFL,483,SJP,SCO,2/4/2025,102318,FORNECEDOR,4508603760,30,620224263R,PEÇA,000240739-3,90,"R$ 159,80","R$ 168,34","R$ 8,54","R$ 768,60",662290,10
2789611,1,NFL,483,FAS,SCO,2/4/2025,110781,FORNECEDOR,4508605395,10,738206375R,PEÇA,000129153-1,48,"R$ 24,91","R$ 245,60","R$ 220,69","R$ 10.593,12",710695,10
2789611,2,NFL,483,FAS,SCO,2/4/2025,110781,FORNECEDOR,4508605395,20,738214780R,PEÇA,000129153-1,96,"R$ 21,23","R$ 209,38","R$ 188,15","R$ 18.062,40",710695,20
2789611,3,NFL,483,FAS,SCO,2/4/2025,110781,FORNECEDOR,4508605395,30,738216242R,PEÇA,000129153-1,96,"R$ 21,23","R$ 209,38","R$ 188,15","R$ 18.062,40",710695,30
2789611,4,NFL,483,FAS,SCO,2/4/2025,110781,FORNECEDOR,4508605395,40,738217174R,PEÇA,000129153-1,48,"R$ 24,91","R$ 245,60","R$ 220,69","R$ 10.593,12",710695,40
2789721,1,NFL,483,FAS,SCO,2/4/2025,110781,FORNECEDOR,4508605931,10,738206375R,PEÇA,000129190-1,72,"R$ 24,91","R$ 245,60","R$ 220,69","R$ 15.889,68",710695,10
2789721,2,NFL,483,FAS,SCO,2/4/2025,110781,FORNECEDOR,4508605931,20,738214780R,PEÇA,000129190-1,264,"R$ 21,23","R$ 209,38","R$ 188,15","R$ 49.671,60",710695,20
2789721,3,NFL,483,FAS,SCO,2/4/2025,110781,FORNECEDOR,4508605931,30,738217174R,PEÇA,000129190-1,144,"R$ 24,91","R$ 245,60","R$ 220,69","R$ 31.779,36",710695,40
2790336,1,NFL,483,CRAG,SCO,4/4/2025,101912,FORNECEDOR,4508612496,10,231000711R,PEÇA,000153516-7,80,"R$ 214,50","R$ 218,83","R$ 4,33","R$ 346,40",749618,20
2790463,2,NFL,483,FAS,SCO,2/4/2025,102294,FORNECEDOR,4508608182,20,679002227R,PEÇA,000207080-1,50,"R$ 64,25","R$ 66,83","R$ 2,58","R$ 129,00",4600016932,1330
2790694,3,NFL,483,FVU,SCO,2/4/2025,102294,FORNECEDOR,4508608879,30,749028808R,PEÇA,000207091-1,16,"R$ 349,06","R$ 396,65","R$ 47,59","R$ 761,44",4600016937,200
2790707,1,NFL,483,FAS,SCO,3/4/2025,102294,FORNECEDOR,4508609807,10,679002227R,PEÇA,000207121-1,75,"R$ 64,25","R$ 66,83","R$ 2,58","R$ 193,50",4600016932,1330
2790826,1,NFL,483,FAS,SCO,3/4/2025,101517,FORNECEDOR,4508604211,10,484005466R,PEÇA,000834492-1,320,"R$ 297,57","R$ 327,90","R$ 30,33","R$ 9.705,60",586909,90
2791070,1,NFL,483,FAS,SCO,3/4/2025,101384,FORNECEDOR,4508607517,10,739102859R,PEÇA,000398031-1,90,"R$ 99,13","R$ 104,37","R$ 5,24","R$ 471,60",4600016840,750
2791071,1,NFL,483,FAS,SCO,3/4/2025,101384,FORNECEDOR,4508607518,10,739105089R,PEÇA,000398032-1,45,"R$ 99,13","R$ 104,37","R$ 5,24","R$ 235,80",4600016840,730
2791111,1,NFL,483,SJP,SCO,3/4/2025,101384,FORNECEDOR,4508607476,10,739102859R,PEÇA,000398074-1,75,"R$ 127,57","R$ 132,63","R$ 5,06","R$ 379,50",526162,340
2791112,1,NFL,483,SJP,SCO,3/4/2025,101384,FORNECEDOR,4508607477,10,739105089R,PEÇA,000398075-1,90,"R$ 127,57","R$ 132,63","R$ 5,06","R$ 455,40",526162,350
2791164,1,NFL,483,FAS,SCO,3/4/2025,110781,FORNECEDOR,4508608752,10,738206375R,PEÇA,000129207-1,72,"R$ 24,91","R$ 245,60","R$ 220,69","R$ 15.889,68",710695,10
2791164,2,NFL,483,FAS,SCO,3/4/2025,110781,FORNECEDOR,4508608752,20,738216242R,PEÇA,000129207-1,240,"R$ 21,23","R$ 209,38","R$ 188,15","R$ 45.156,00",710695,30
2791212,4,NFL,483,FAS,SCO,3/4/2025,108060,FORNECEDOR,4508604769,70,620223601R,PEÇA,000047015-3,6,"R$ 199,51","R$ 202,55","R$ 3,04","R$ 18,24",662313,2000
2791212,7,NFL,483,FAS,SCO,3/4/2025,108060,FORNECEDOR,4508604769,80,620224709R,PEÇA,000047015-3,1,"R$ 201,93","R$ 205,00","R$ 3,07","R$ 3,07",662313,2020
2791212,8,NFL,483,FAS,SCO,3/4/2025,108060,FORNECEDOR,4508604769,90,620225005R,PEÇA,000047015-3,1,"R$ 200,11","R$ 203,17","R$ 3,06","R$ 3,06",662313,2030
2791212,5,NFL,483,FAS,SCO,3/4/2025,108060,FORNECEDOR,4508604769,100,620226216R,PEÇA,000047015-3,2,"R$ 201,45","R$ 204,52","R$ 3,07","R$ 6,14",662313,2110
2791214,4,NFL,483,FAS,SCO,3/4/2025,108060,FORNECEDOR,4508604231,90,620223601R,PEÇA,000047021-3,8,"R$ 199,51","R$ 202,55","R$ 3,04","R$ 24,32",662313,2000
2791214,5,NFL,483,FAS,SCO,3/4/2025,108060,FORNECEDOR,4508604231,100,620226216R,PEÇA,000047021-3,4,"R$ 201,45","R$ 204,52","R$ 3,07","R$ 12,28",662313,2110
2791216,4,NFL,483,FAS,SCO,3/4/2025,108060,FORNECEDOR,4508607776,70,620223601R,PEÇA,000047037-3,5,"R$ 199,51","R$ 202,55","R$ 3,04","R$ 15,20",662313,2000
2791216,5,NFL,483,FAS,SCO,3/4/2025,108060,FORNECEDOR,4508607776,80,620226216R,PEÇA,000047037-3,2,"R$ 201,45","R$ 204,52","R$ 3,07","R$ 6,14",662313,2110
2791217,4,NFL,483,FAS,SCO,3/4/2025,108060,FORNECEDOR,4508606087,60,620223601R,PEÇA,000047022-3,1,"R$ 199,51","R$ 202,56","R$ 3,05","R$ 3,05",662313,2000
2791217,5,NFL,483,FAS,SCO,3/4/2025,108060,FORNECEDOR,4508606087,70,620226216R,PEÇA,000047022-3,3,"R$ 201,45","R$ 204,52","R$ 3,07","R$ 9,21",662313,2110
2791219,3,NFL,483,FAS,SCO,3/4/2025,108060,FORNECEDOR,4508605928,70,620223601R,PEÇA,000047026-3,2,"R$ 199,51","R$ 202,55","R$ 3,04","R$ 6,08",662313,2000
2791219,4,NFL,483,FAS,SCO,3/4/2025,108060,FORNECEDOR,4508605928,80,620224709R,PEÇA,000047026-3,2,"R$ 201,93","R$ 205,00","R$ 3,07","R$ 6,14",662313,2020
2791219,8,NFL,483,FAS,SCO,3/4/2025,108060,FORNECEDOR,4508605928,90,620225005R,PEÇA,000047026-3,2,"R$ 200,11","R$ 203,16","R$ 3,05","R$ 6,10",662313,2030
2791219,5,NFL,483,FAS,SCO,3/4/2025,108060,FORNECEDOR,4508605928,100,620226216R,PEÇA,000047026-3,2,"R$ 201,45","R$ 204,52","R$ 3,07","R$ 6,14",662313,2110
2791222,4,NFL,483,FAS,SCO,3/4/2025,108060,FORNECEDOR,4508608222,90,620223601R,PEÇA,000047033-3,4,"R$ 199,51","R$ 202,55","R$ 3,04","R$ 12,16",662313,2000
2791222,9,NFL,483,FAS,SCO,3/4/2025,108060,FORNECEDOR,4508608222,100,620224709R,PEÇA,000047033-3,2,"R$ 201,93","R$ 205,00","R$ 3,07","R$ 6,14",662313,2020
2791222,10,NFL,483,FAS,SCO,3/4/2025,108060,FORNECEDOR,4508608222,110,620225005R,PEÇA,000047033-3,1,"R$ 200,11","R$ 203,17","R$ 3,06","R$ 3,06",662313,2030
2791222,5,NFL,483,FAS,SCO,3/4/2025,108060,FORNECEDOR,4508608222,120,620226216R,PEÇA,000047033-3,1,"R$ 201,45","R$ 204,52","R$ 3,07","R$ 3,07",662313,2110
2791225,4,NFL,483,FAS,SCO,3/4/2025,108060,FORNECEDOR,4508607532,80,620223601R,PEÇA,000047039-3,3,"R$ 199,51","R$ 202,55","R$ 3,04","R$ 9,12",662313,2000
2791225,8,NFL,483,FAS,SCO,3/4/2025,108060,FORNECEDOR,4508607532,90,620224709R,PEÇA,000047039-3,2,"R$ 201,93","R$ 205,00","R$ 3,07","R$ 6,14",662313,2020
2791225,9,NFL,483,FAS,SCO,3/4/2025,108060,FORNECEDOR,4508607532,100,620225005R,PEÇA,000047039-3,3,"R$ 200,11","R$ 203,16","R$ 3,05","R$ 9,15",662313,2030
2791225,5,NFL,483,FAS,SCO,3/4/2025,108060,FORNECEDOR,4508607532,110,620226216R,PEÇA,000047039-3,2,"R$ 201,45","R$ 204,52","R$ 3,07","R$ 6,14",662313,2110
2791268,5,NFL,483,FAS,SCO,3/4/2025,108060,FORNECEDOR,4508609109,70,620223601R,PEÇA,000047044-3,1,"R$ 199,51","R$ 202,56","R$ 3,05","R$ 3,05",662313,2000
2791268,7,NFL,483,FAS,SCO,3/4/2025,108060,FORNECEDOR,4508609109,80,620224709R,PEÇA,000047044-3,1,"R$ 201,93","R$ 205,00","R$ 3,07","R$ 3,07",662313,2020
2791268,8,NFL,483,FAS,SCO,3/4/2025,108060,FORNECEDOR,4508609109,90,620225005R,PEÇA,000047044-3,1,"R$ 200,11","R$ 203,17","R$ 3,06","R$ 3,06",662313,2030
2791269,4,NFL,483,FAS,SCO,3/4/2025,108060,FORNECEDOR,4508608751,70,620223601R,PEÇA,000047048-3,5,"R$ 199,51","R$ 202,55","R$ 3,04","R$ 15,20",662313,2000
2791269,5,NFL,483,FAS,SCO,3/4/2025,108060,FORNECEDOR,4508608751,80,620226216R,PEÇA,000047048-3,2,"R$ 201,45","R$ 204,52","R$ 3,07","R$ 6,14",662313,2110
2791315,1,NFL,483,FAS,SCO,3/4/2025,102294,FORNECEDOR,4508609382,10,679002227R,PEÇA,000207107-1,25,"R$ 64,25","R$ 66,83","R$ 2,58","R$ 64,50",4600016932,1330
2791419,1,NFL,483,CRAG,SCO,4/4/2025,101912,FORNECEDOR,4508612495,10,231000711R,PEÇA,000153498-7,80,"R$ 214,50","R$ 218,83","R$ 4,33","R$ 346,40",749618,20
2791771,1,NFL,483,SJP,SCO,3/4/2025,102318,FORNECEDOR,4508610810,10,620224263R,PEÇA,000240868-3,50,"R$ 159,80","R$ 168,34","R$ 8,54","R$ 427,00",662290,10
2792141,1,NFL,483,FAS,SCO,4/4/2025,101384,FORNECEDOR,4508609366,10,739102859R,PEÇA,000398154-1,45,"R$ 99,13","R$ 104,37","R$ 5,24","R$ 235,80",4600016840,750
2792142,1,NFL,483,FAS,SCO,4/4/2025,101384,FORNECEDOR,4508609368,10,739105089R,PEÇA,000398155-1,45,"R$ 99,13","R$ 104,37","R$ 5,24","R$ 235,80",4600016840,730
2792195,1,NFL,483,FVU,SCO,4/4/2025,102294,FORNECEDOR,4508608880,10,540345079R,PEÇA,000207093-1,280,"R$ 0,62","R$ 0,70","R$ 0,08","R$ 22,40",4600016937,100
2792195,2,NFL,483,FVU,SCO,4/4/2025,102294,FORNECEDOR,4508608880,20,543219608R,PEÇA,000207093-1,280,"R$ 0,62","R$ 0,70","R$ 0,08","R$ 22,40",4600016937,110
2792257,1,NFL,483,FAS,SCO,4/4/2025,110781,FORNECEDOR,4508610068,10,738206375R,PEÇA,000129223-1,72,"R$ 24,91","R$ 245,60","R$ 220,69","R$ 15.889,68",710695,10
2792257,2,NFL,483,FAS,SCO,4/4/2025,110781,FORNECEDOR,4508610068,20,738214780R,PEÇA,000129223-1,72,"R$ 21,23","R$ 209,38","R$ 188,15","R$ 13.546,80",710695,20
2792257,3,NFL,483,FAS,SCO,4/4/2025,110781,FORNECEDOR,4508610068,30,738216242R,PEÇA,000129223-1,72,"R$ 21,23","R$ 209,38","R$ 188,15","R$ 13.546,80",710695,30
2792257,4,NFL,483,FAS,SCO,4/4/2025,110781,FORNECEDOR,4508610068,40,738217174R,PEÇA,000129223-1,48,"R$ 24,91","R$ 245,60","R$ 220,69","R$ 10.593,12",710695,40
2792400,1,NFL,483,FAS,SCO,4/4/2025,102294,FORNECEDOR,4508611928,10,224766016R,PEÇA,000207159-1,810,"R$ 5,27","R$ 5,99","R$ 0,72","R$ 583,20",703344,10
2792565,3,NFL,483,FAS,SCO,4/4/2025,108060,FORNECEDOR,4508608910,60,620223601R,PEÇA,000047047-3,5,"R$ 199,51","R$ 202,55","R$ 3,04","R$ 15,20",662313,2000
2792565,4,NFL,483,FAS,SCO,4/4/2025,108060,FORNECEDOR,4508608910,70,620224709R,PEÇA,000047047-3,1,"R$ 201,93","R$ 205,00","R$ 3,07","R$ 3,07",662313,2020
2792565,5,NFL,483,FAS,SCO,4/4/2025,108060,FORNECEDOR,4508608910,80,620226216R,PEÇA,000047047-3,2,"R$ 201,45","R$ 204,52","R$ 3,07","R$ 6,14",662313,2110
2792566,5,NFL,483,FAS,SCO,4/4/2025,108060,FORNECEDOR,4508609027,100,620223601R,PEÇA,000047046-3,5,"R$ 199,51","R$ 202,55","R$ 3,04","R$ 15,20",662313,2000
2792566,8,NFL,483,FAS,SCO,4/4/2025,108060,FORNECEDOR,4508609027,110,620224709R,PEÇA,000047046-3,1,"R$ 201,93","R$ 205,00","R$ 3,07","R$ 3,07",662313,2020
2792566,9,NFL,483,FAS,SCO,4/4/2025,108060,FORNECEDOR,4508609027,120,620226216R,PEÇA,000047046-3,2,"R$ 201,45","R$ 204,52","R$ 3,07","R$ 6,14",662313,2110
2792568,5,NFL,483,FAS,SCO,4/4/2025,108060,FORNECEDOR,4508609396,100,620223601R,PEÇA,000047053-3,6,"R$ 199,51","R$ 202,55","R$ 3,04","R$ 18,24",662313,2000
2792568,8,NFL,483,FAS,SCO,4/4/2025,108060,FORNECEDOR,4508609396,110,620224709R,PEÇA,000047053-3,2,"R$ 201,93","R$ 205,00","R$ 3,07","R$ 6,14",662313,2020
2792568,9,NFL,483,FAS,SCO,4/4/2025,108060,FORNECEDOR,4508609396,120,620226216R,PEÇA,000047053-3,3,"R$ 201,45","R$ 204,52","R$ 3,07","R$ 9,21",662313,2110
2792569,4,NFL,483,FAS,SCO,4/4/2025,108060,FORNECEDOR,4508609577,70,620223601R,PEÇA,000047055-3,4,"R$ 199,51","R$ 202,55","R$ 3,04","R$ 12,16",662313,2000
2792569,5,NFL,483,FAS,SCO,4/4/2025,108060,FORNECEDOR,4508609577,80,620224709R,PEÇA,000047055-3,3,"R$ 201,93","R$ 205,00","R$ 3,07","R$ 9,21",662313,2020
2792569,8,NFL,483,FAS,SCO,4/4/2025,108060,FORNECEDOR,4508609577,90,620225005R,PEÇA,000047055-3,1,"R$ 200,11","R$ 203,17","R$ 3,06","R$ 3,06",662313,2030
2792570,3,NFL,483,FAS,SCO,4/4/2025,108060,FORNECEDOR,4508609819,70,620223601R,PEÇA,000047057-3,3,"R$ 199,51","R$ 202,55","R$ 3,04","R$ 9,12",662313,2000
2792570,4,NFL,483,FAS,SCO,4/4/2025,108060,FORNECEDOR,4508609819,80,620224709R,PEÇA,000047057-3,1,"R$ 201,93","R$ 205,00","R$ 3,07","R$ 3,07",662313,2020
2792570,8,NFL,483,FAS,SCO,4/4/2025,108060,FORNECEDOR,4508609819,90,620225005R,PEÇA,000047057-3,1,"R$ 200,11","R$ 203,17","R$ 3,06","R$ 3,06",662313,2030
2792570,5,NFL,483,FAS,SCO,4/4/2025,108060,FORNECEDOR,4508609819,100,620226216R,PEÇA,000047057-3,1,"R$ 201,45","R$ 204,52","R$ 3,07","R$ 3,07",662313,2110
2792572,5,NFL,483,FAS,SCO,4/4/2025,108060,FORNECEDOR,4508611056,90,620223601R,PEÇA,000047070-3,2,"R$ 199,51","R$ 202,55","R$ 3,04","R$ 6,08",662313,2000
2792572,7,NFL,483,FAS,SCO,4/4/2025,108060,FORNECEDOR,4508611056,100,620224709R,PEÇA,000047070-3,1,"R$ 201,93","R$ 205,00","R$ 3,07","R$ 3,07",662313,2020
2792572,8,NFL,483,FAS,SCO,4/4/2025,108060,FORNECEDOR,4508611056,110,620225005R,PEÇA,000047070-3,2,"R$ 200,11","R$ 203,16","R$ 3,05","R$ 6,10",662313,2030
2792572,9,NFL,483,FAS,SCO,4/4/2025,108060,FORNECEDOR,4508611056,120,620226216R,PEÇA,000047070-3,2,"R$ 201,45","R$ 204,52","R$ 3,07","R$ 6,14",662313,2110
2792574,3,NFL,483,FAS,SCO,4/4/2025,108060,FORNECEDOR,4508611849,40,620223601R,PEÇA,000047061-3,1,"R$ 199,51","R$ 202,56","R$ 3,05","R$ 3,05",662313,2000
2792574,4,NFL,483,FAS,SCO,4/4/2025,108060,FORNECEDOR,4508611849,50,620224709R,PEÇA,000047061-3,1,"R$ 201,93","R$ 205,00","R$ 3,07","R$ 3,07",662313,2020
2792575,5,NFL,483,FAS,SCO,4/4/2025,108060,FORNECEDOR,4508610403,90,620223601R,PEÇA,000047064-3,7,"R$ 199,51","R$ 202,55","R$ 3,04","R$ 21,28",662313,2000
2792575,9,NFL,483,FAS,SCO,4/4/2025,108060,FORNECEDOR,4508610403,100,620224709R,PEÇA,000047064-3,2,"R$ 201,93","R$ 205,00","R$ 3,07","R$ 6,14",662313,2020
2792576,5,NFL,483,FAS,SCO,4/4/2025,108060,FORNECEDOR,4508610066,90,620223601R,PEÇA,000047062-3,7,"R$ 199,51","R$ 202,55","R$ 3,04","R$ 21,28",662313,2000
2792576,8,NFL,483,FAS,SCO,4/4/2025,108060,FORNECEDOR,4508610066,100,620224709R,PEÇA,000047062-3,1,"R$ 201,93","R$ 205,00","R$ 3,07","R$ 3,07",662313,2020
2792576,9,NFL,483,FAS,SCO,4/4/2025,108060,FORNECEDOR,4508610066,110,620225005R,PEÇA,000047062-3,1,"R$ 200,11","R$ 203,17","R$ 3,06","R$ 3,06",662313,2030
2792577,4,NFL,483,FAS,SCO,4/4/2025,108060,FORNECEDOR,4508610741,70,620223601R,PEÇA,000047066-3,4,"R$ 199,51","R$ 202,55","R$ 3,04","R$ 12,16",662313,2000
2792577,8,NFL,483,FAS,SCO,4/4/2025,108060,FORNECEDOR,4508610741,80,620224709R,PEÇA,000047066-3,2,"R$ 201,93","R$ 205,00","R$ 3,07","R$ 6,14",662313,2020
2792577,5,NFL,483,FAS,SCO,4/4/2025,108060,FORNECEDOR,4508610741,90,620226216R,PEÇA,000047066-3,4,"R$ 201,45","R$ 204,52","R$ 3,07","R$ 12,28",662313,2110
2792742,1,NFL,483,FAS,SCO,4/4/2025,101384,FORNECEDOR,4508611924,10,739105089R,PEÇA,000398289-1,45,"R$ 99,13","R$ 104,37","R$ 5,24","R$ 235,80",4600016840,730
2792746,1,NFL,483,FAS,SCO,4/4/2025,101384,FORNECEDOR,4508611920,10,739102859R,PEÇA,000398285-1,90,"R$ 99,13","R$ 104,37","R$ 5,24","R$ 471,60",4600016840,750
2792808,2,NFL,483,FAS,SCO,4/4/2025,102294,FORNECEDOR,4508613205,20,679002227R,PEÇA,000207192-1,75,"R$ 64,25","R$ 66,83","R$ 2,58","R$ 193,50",4600016932,1330
2793445,1,NFL,483,FAS,SCO,5/4/2025,110781,FORNECEDOR,4508612889,10,738206375R,PEÇA,000129234-1,96,"R$ 24,91","R$ 245,60","R$ 220,69","R$ 21.186,24",710695,10
2793445,2,NFL,483,FAS,SCO,5/4/2025,110781,FORNECEDOR,4508612889,20,738214780R,PEÇA,000129234-1,120,"R$ 21,23","R$ 209,38","R$ 188,15","R$ 22.578,00",710695,20
2793445,3,NFL,483,FAS,SCO,5/4/2025,110781,FORNECEDOR,4508612889,30,738216242R,PEÇA,000129234-1,120,"R$ 21,23","R$ 209,38","R$ 188,15","R$ 22.578,00",710695,30
2793445,4,NFL,483,FAS,SCO,5/4/2025,110781,FORNECEDOR,4508612889,40,738217174R,PEÇA,000129234-1,96,"R$ 24,91","R$ 245,60","R$ 220,69","R$ 21.186,24",710695,40
2793559,3,NFL,483,FVU,SCO,5/4/2025,102294,FORNECEDOR,4508613922,30,749028808R,PEÇA,000207202-1,8,"R$ 349,06","R$ 396,65","R$ 47,59","R$ 380,72",4600016937,200
2794107,1,NFL,483,FAS,SCO,5/4/2025,101517,FORNECEDOR,4508614705,10,484005466R,PEÇA,835208-1,360,"R$ 297,57","R$ 327,90","R$ 30,33","R$ 10.918,80",586909,90
2795193,2,NFL,483,FAS,SCO,7/4/2025,102294,FORNECEDOR,4508616981,20,679002227R,PEÇA,000207237-1,50,"R$ 64,25","R$ 66,83","R$ 2,58","R$ 129,00",4600016932,1330
2795298,1,NFL,483,FVU,SCO,8/4/2025,137008,FORNECEDOR,4508616347,10,762314906R,PEÇA,000053516-1,500,"R$ 40,34","R$ 42,02","R$ 1,68","R$ 840,00",726754,10
2795606,1,NFL,483,FVU,SCO,8/4/2025,117680,FORNECEDOR,4508563155,10,732562803R,PEÇA,24017-1,165,"R$ 14,62","R$ 16,62","R$ 2,00","R$ 330,00",654894,20
2795606,2,NFL,483,FVU,SCO,8/4/2025,117680,FORNECEDOR,4508563155,20,732566668R,PEÇA,24017-1,1.320,"R$ 13,41","R$ 15,24","R$ 1,83","R$ 2.415,60",654894,30
2795609,1,NFL,483,FVU,SCO,8/4/2025,117680,FORNECEDOR,4508574610,10,732562803R,PEÇA,24083-1,165,"R$ 14,62","R$ 16,62","R$ 2,00","R$ 330,00",654894,20
2795609,2,NFL,483,FVU,SCO,8/4/2025,117680,FORNECEDOR,4508574610,20,732566668R,PEÇA,24083-1,330,"R$ 13,41","R$ 15,24","R$ 1,83","R$ 603,90",654894,30
2795613,1,NFL,483,FVU,SCO,8/4/2025,117680,FORNECEDOR,4508585565,10,732503871R,PEÇA,24175-1,165,"R$ 24,28","R$ 27,59","R$ 3,31","R$ 546,15",654894,10
2795613,2,NFL,483,FVU,SCO,8/4/2025,117680,FORNECEDOR,4508585565,20,732562803R,PEÇA,24175-1,165,"R$ 14,62","R$ 16,62","R$ 2,00","R$ 330,00",654894,20
2795613,3,NFL,483,FVU,SCO,8/4/2025,117680,FORNECEDOR,4508585565,30,732566668R,PEÇA,24175-1,1.815,"R$ 13,41","R$ 15,24","R$ 1,83","R$ 3.321,45",654894,30
2796501,1,NFL,483,FAS,SCO,8/4/2025,122841,FORNECEDOR,4508617272,10,476607676R,PEÇA,530931-1,66,"R$ 628,93","R$ 648,39","R$ 19,46","R$ 1.284,36",708267,70
2796562,5,NFL,483,SJP,SCO,8/4/2025,132610,FORNECEDOR,4508564437,50,682380471R,PEÇA,82709-1,1.800,"R$ 4,66","R$ 5,46","R$ 0,80","R$ 1.440,00",576332,180
2796634,3,NFL,483,SJP,SCO,8/4/2025,132610,FORNECEDOR,4508596705,30,682380471R,PEÇA,83227-1,1.800,"R$ 4,66","R$ 5,46","R$ 0,80","R$ 1.440,00",576332,180
2796900,1,NFL,483,FAS,SCO,9/4/2025,110781,FORNECEDOR,4508618751,10,738206375R,PEÇA,000129262-1,144,"R$ 24,91","R$ 245,60","R$ 220,69","R$ 31.779,36",710695,10
2796900,2,NFL,483,FAS,SCO,9/4/2025,110781,FORNECEDOR,4508618751,20,738214780R,PEÇA,000129262-1,312,"R$ 21,23","R$ 209,38","R$ 188,15","R$ 58.702,80",710695,20
2796900,3,NFL,483,FAS,SCO,9/4/2025,110781,FORNECEDOR,4508618751,30,738216242R,PEÇA,000129262-1,312,"R$ 21,23","R$ 209,38","R$ 188,15","R$ 58.702,80",710695,30
2796900,4,NFL,483,FAS,SCO,9/4/2025,110781,FORNECEDOR,4508618751,40,738217174R,PEÇA,000129262-1,168,"R$ 24,91","R$ 245,60","R$ 220,69","R$ 37.075,92",710695,40
2797733,1,NFL,483,SJP,SCO,10/4/2025,132610,FORNECEDOR,4508620503,10,668356799R,PEÇA,000083575-1,2.600,"R$ 0,68","R$ 0,89","R$ 0,21","R$ 546,00",576332,110
2797741,1,NFL,483,FAS,SCO,10/4/2025,101384,FORNECEDOR,4508620386,10,739102859R,PEÇA,000398650-1,90,"R$ 99,13","R$ 104,37","R$ 5,24","R$ 471,60",4600016840,750
2797742,1,NFL,483,FAS,SCO,10/4/2025,101384,FORNECEDOR,4508620388,10,739105089R,PEÇA,000398651-1,90,"R$ 99,13","R$ 104,37","R$ 5,24","R$ 471,60",4600016840,730
2797776,1,NFL,483,SJP,SCO,10/4/2025,101384,FORNECEDOR,4508621594,10,739102859R,PEÇA,000398693-1,150,"R$ 127,57","R$ 132,63","R$ 5,06","R$ 759,00",526162,340
2797777,1,NFL,483,SJP,SCO,10/4/2025,101384,FORNECEDOR,4508621595,10,739105089R,PEÇA,000398694-1,300,"R$ 127,57","R$ 132,63","R$ 5,06","R$ 1.518,00",526162,350
2797944,1,NFL,483,CRAG,SCO,10/4/2025,101912,FORNECEDOR,4508621585,10,231000711R,PEÇA,000154095-7,80,"R$ 214,50","R$ 218,83","R$ 4,33","R$ 346,40",749618,20
2798280,5,NFL,483,SJP,SCO,10/4/2025,112619,FORNECEDOR,4508601034,50,62010J571R,PEÇA,808780-1,252,"R$ 65,73","R$ 66,41","R$ 0,68","R$ 171,36",721563,10
2798301,1,NFL,483,SJP,SCO,10/4/2025,146712,FORNECEDOR,4508602155,10,132011477R,PEÇA,4969-7,4.158,"R$ 4,26","R$ 4,64","R$ 0,38","R$ 1.580,04",726733,10
2799233,1,NFL,483,FAS,SCO,11/4/2025,110781,FORNECEDOR,4508624335,10,738206375R,PEÇA,000129298-1,48,"R$ 24,91","R$ 245,60","R$ 220,69","R$ 10.593,12",710695,10
2799233,2,NFL,483,FAS,SCO,11/4/2025,110781,FORNECEDOR,4508624335,20,738214780R,PEÇA,000129298-1,120,"R$ 21,23","R$ 209,38","R$ 188,15","R$ 22.578,00",710695,20
2799233,3,NFL,483,FAS,SCO,11/4/2025,110781,FORNECEDOR,4508624335,30,738216242R,PEÇA,000129298-1,144,"R$ 21,23","R$ 209,38","R$ 188,15","R$ 27.093,60",710695,30
2799233,4,NFL,483,FAS,SCO,11/4/2025,110781,FORNECEDOR,4508624335,40,738217174R,PEÇA,000129298-1,48,"R$ 24,91","R$ 245,60","R$ 220,69","R$ 10.593,12",710695,40
2800080,1,NFL,483,FAS,SCO,11/4/2025,129702,FORNECEDOR,4508624569,10,727124285R,PEÇA,481748-2,41,"R$ 150,65","R$ 185,86","R$ 35,21","R$ 1.443,61",693909,10
2800259,1,NFL,483,FAS,SCO,11/4/2025,101384,FORNECEDOR,4508625734,10,739102859R,PEÇA,398892-1,90,"R$ 99,13","R$ 104,37","R$ 5,24","R$ 471,60",4600016840,750
2800260,1,NFL,483,FAS,SCO,11/4/2025,101384,FORNECEDOR,4508625736,10,739105089R,PEÇA,398893-1,90,"R$ 99,13","R$ 104,37","R$ 5,24","R$ 471,60",4600016840,730
2800793,1,NFL,483,FAS,SCO,12/4/2025,110781,FORNECEDOR,4508626454,10,738214780R,PEÇA,000129316-1,336,"R$ 21,23","R$ 209,38","R$ 188,15","R$ 63.218,40",710695,20
2800793,2,NFL,483,FAS,SCO,12/4/2025,110781,FORNECEDOR,4508626454,20,738216242R,PEÇA,000129316-1,336,"R$ 21,23","R$ 209,38","R$ 188,15","R$ 63.218,40",710695,30
2800802,1,NFL,483,FAS,SCO,12/4/2025,110781,FORNECEDOR,4508626459,10,738206375R,PEÇA,000129320-1,96,"R$ 24,91","R$ 245,60","R$ 220,69","R$ 21.186,24",710695,10
2800802,2,NFL,483,FAS,SCO,12/4/2025,110781,FORNECEDOR,4508626459,20,738217174R,PEÇA,000129320-1,96,"R$ 24,91","R$ 245,60","R$ 220,69","R$ 21.186,24",710695,40
2803693,1,NFL,483,FAS,SCO,16/4/2025,102294,FORNECEDOR,4508634091,10,679000282R,PEÇA,000207573-1,175,"R$ 47,14","R$ 47,62","R$ 0,48","R$ 84,00",731927,30
2804035,1,NFL,483,FAS,SCO,17/4/2025,110781,FORNECEDOR,4508633565,10,738206375R,PEÇA,000129342-1,72,"R$ 24,91","R$ 245,60","R$ 220,69","R$ 15.889,68",710695,10
2804121,2,NFL,483,FVU,SCO,17/4/2025,132610,FORNECEDOR,4508634742,20,682387457R,PEÇA,000083751-1,4.500,"R$ 0,55","R$ 0,56","R$ 0,01","R$ 45,00",572033,130
2804126,1,NFL,483,FAS,SCO,17/4/2025,101384,FORNECEDOR,4508634045,10,739105089R,PEÇA,000399261-1,45,"R$ 99,13","R$ 104,37","R$ 5,24","R$ 235,80",4600016840,730
2804135,1,NFL,483,SJP,SCO,17/4/2025,101384,FORNECEDOR,4508631998,10,739102859R,PEÇA,000399277-1,105,"R$ 127,57","R$ 132,63","R$ 5,06","R$ 531,30",526162,340
2804136,1,NFL,483,SJP,SCO,17/4/2025,101384,FORNECEDOR,4508631999,10,739105089R,PEÇA,000399278-1,90,"R$ 127,57","R$ 132,63","R$ 5,06","R$ 455,40",526162,350
2804218,1,NFL,483,FAS,SCO,17/4/2025,102294,FORNECEDOR,4508633875,10,679000282R,PEÇA,000207549-1,100,"R$ 47,14","R$ 47,62","R$ 0,48","R$ 48,00",731927,30
2804358,1,NFL,483,FAS,SCO,17/4/2025,102294,FORNECEDOR,4508635323,10,679000282R,PEÇA,000207602-1,150,"R$ 47,14","R$ 47,62","R$ 0,48","R$ 72,00",731927,30
2804612,1,NFL,483,CRAG,SCO,17/4/2025,101912,FORNECEDOR,4508635590,10,231000711R,PEÇA,000154940-7,320,"R$ 214,50","R$ 218,83","R$ 4,33","R$ 1.385,60",749618,20
2805266,1,NFL,483,FAS,SCO,18/4/2025,101384,FORNECEDOR,4508635315,10,739102859R,PEÇA,000399373-1,90,"R$ 99,13","R$ 104,37","R$ 5,24","R$ 471,60",4600016840,750
2805267,1,NFL,483,FAS,SCO,18/4/2025,101384,FORNECEDOR,4508635316,10,739105089R,PEÇA,000399374-1,45,"R$ 99,13","R$ 104,37","R$ 5,24","R$ 235,80",4600016840,730
2806138,1,NFL,483,FAS,SCO,19/4/2025,101517,FORNECEDOR,4508632784,10,484005466R,PEÇA,836216-1,440,"R$ 297,57","R$ 327,90","R$ 30,33","R$ 13.345,20",586909,90
2806138,2,NFL,483,FAS,SCO,19/4/2025,101517,FORNECEDOR,4508632784,20,484005920R,PEÇA,836216-1,40,"R$ 186,96","R$ 206,02","R$ 19,06","R$ 762,40",586909,180
2807372,1,NFL,483,FAS,SCO,22/4/2025,102294,FORNECEDOR,4508638991,10,679000282R,PEÇA,000207656-1,175,"R$ 47,14","R$ 47,62","R$ 0,48","R$ 84,00",731927,30
2807449,1,NFL,483,SJP,SCO,22/4/2025,112619,FORNECEDOR,4508589516,10,62010J571R,PEÇA,808005-1,168,"R$ 65,73","R$ 66,41","R$ 0,68","R$ 114,24",721563,10
2807974,1,NFL,483,FAS,SCO,23/4/2025,110781,FORNECEDOR,4508640329,10,738206375R,PEÇA,000129367-1,24,"R$ 24,91","R$ 245,60","R$ 220,69","R$ 5.296,56",710695,10
2808128,1,NFL,483,FAS,SCO,23/4/2025,102294,FORNECEDOR,4508640972,10,679000282R,PEÇA,000207689-1,225,"R$ 47,14","R$ 47,62","R$ 0,48","R$ 108,00",731927,30
2808192,2,NFL,483,FAS,SCO,23/4/2025,102294,FORNECEDOR,4508641230,20,671E51867R,PEÇA,000207697-1,240,"R$ 27,99","R$ 28,27","R$ 0,28","R$ 67,20",731927,20
2808192,3,NFL,483,FAS,SCO,23/4/2025,102294,FORNECEDOR,4508641230,30,679008655R,PEÇA,000207697-1,300,"R$ 21,91","R$ 22,13","R$ 0,22","R$ 66,00",731927,40
2808323,1,NFL,483,FAS,SCO,23/4/2025,101517,FORNECEDOR,4508638960,10,484005466R,PEÇA,000836771-1,160,"R$ 297,57","R$ 327,90","R$ 30,33","R$ 4.852,80",586909,90
2808587,1,NFL,483,FAS,SCO,23/4/2025,133453,FORNECEDOR,4508580069,10,739101733R,PEÇA,44241-1,18,"R$ 292,83","R$ 474,54","R$ 181,71","R$ 3.270,78",682692,210
2808672,1,NFL,483,FAS,SCO,23/4/2025,130936,FORNECEDOR,4508641986,10,749021165R,PEÇA,000048770-1,80,"R$ 119,77","R$ 123,92","R$ 4,15","R$ 332,00",551320,190
2808675,1,NFL,483,FAS,SCO,23/4/2025,130936,FORNECEDOR,4508641987,10,749021165R,PEÇA,000048771-1,120,"R$ 119,77","R$ 123,92","R$ 4,15","R$ 498,00",551320,190
2808780,1,NFL,483,FAS,SCO,23/4/2025,102294,FORNECEDOR,4508642176,10,679000282R,PEÇA,000207713-1,225,"R$ 47,14","R$ 47,62","R$ 0,48","R$ 108,00",731927,30
2808796,1,NFL,483,FAS,SCO,23/4/2025,133453,FORNECEDOR,4508583314,10,638439537R,PEÇA,44278-1,22,"R$ 46,46","R$ 73,83","R$ 27,37","R$ 602,14",738541,20
2808799,1,NFL,483,FAS,SCO,23/4/2025,133453,FORNECEDOR,4508583315,10,638424203R,PEÇA,44279-1,23,"R$ 46,46","R$ 73,83","R$ 27,37","R$ 629,51",738541,10
2808867,1,NFL,483,FAS,SCO,24/4/2025,105066,FORNECEDOR,4508553978,10,282436833R,PEÇA,107930-3,14,"R$ 31,74","R$ 93,89","R$ 62,15","R$ 870,10",605564,70
2808867,2,NFL,483,FAS,SCO,24/4/2025,105066,FORNECEDOR,4508553978,20,282436956R,PEÇA,107930-3,33,"R$ 41,51","R$ 122,80","R$ 81,29","R$ 2.682,57",605564,80
2809210,1,NFL,483,FAS,SCO,24/4/2025,101384,FORNECEDOR,4508641097,10,739102859R,PEÇA,000399621-1,45,"R$ 99,13","R$ 104,37","R$ 5,24","R$ 235,80",4600016840,750
2809211,1,NFL,483,FAS,SCO,24/4/2025,101384,FORNECEDOR,4508641098,10,739105089R,PEÇA,000399622-1,90,"R$ 99,13","R$ 104,37","R$ 5,24","R$ 471,60",4600016840,730
2809236,1,NFL,483,SJP,SCO,24/4/2025,101384,FORNECEDOR,4508641275,10,739102859R,PEÇA,000399663-1,135,"R$ 127,57","R$ 132,63","R$ 5,06","R$ 683,10",526162,340
2809237,1,NFL,483,SJP,SCO,24/4/2025,101384,FORNECEDOR,4508641276,10,739105089R,PEÇA,000399664-1,270,"R$ 127,57","R$ 132,63","R$ 5,06","R$ 1.366,20",526162,350
2809333,1,NFL,483,FAS,SCO,24/4/2025,119957,FORNECEDOR,4508639056,10,278600140R,PEÇA,203883-1,23,"R$ 5,22","R$ 6,85","R$ 1,63","R$ 37,49",542428,130
2810002,1,NFL,483,FAS,SCO,24/4/2025,102294,FORNECEDOR,4508648677,10,679000282R,PEÇA,000207740-1,125,"R$ 47,14","R$ 47,62","R$ 0,48","R$ 60,00",731927,30
2810129,1,NFL,483,FAS,SCO,24/4/2025,101384,FORNECEDOR,4508644852,10,739102859R,PEÇA,399721-1,45,"R$ 99,13","R$ 104,37","R$ 5,24","R$ 235,80",4600016840,750
2810130,1,NFL,483,FAS,SCO,24/4/2025,101384,FORNECEDOR,4508644854,10,739105089R,PEÇA,399722-1,90,"R$ 99,13","R$ 104,37","R$ 5,24","R$ 471,60",4600016840,730
2810178,2,NFL,483,FAS,SCO,24/4/2025,102294,FORNECEDOR,4508641948,20,749401051R,PEÇA,207704-1,240,"R$ 3,82","R$ 4,15","R$ 0,33","R$ 79,20",4600016932,1390
2810373,3,NFL,483,SJP,SCO,24/4/2025,112619,FORNECEDOR,4508626165,30,62010J571R,PEÇA,810093-1,42,"R$ 65,73","R$ 66,41","R$ 0,68","R$ 28,56",721563,10
2811805,1,NFL,483,FAS,SCO,26/4/2025,101384,FORNECEDOR,4508651057,10,739102859R,PEÇA,399844-1,90,"R$ 99,13","R$ 104,37","R$ 5,24","R$ 471,60",4600016840,750
2811806,1,NFL,483,FAS,SCO,26/4/2025,101384,FORNECEDOR,4508651059,10,739105089R,PEÇA,399845-1,90,"R$ 99,13","R$ 104,37","R$ 5,24","R$ 471,60",4600016840,730
2812826,1,NFL,483,FAS,SCO,27/4/2025,133453,FORNECEDOR,4508653754,10,739102008R,PEÇA,45226-1,10,"R$ 177,88","R$ 202,14","R$ 24,26","R$ 242,60",682692,220
2813290,2,NFL,483,FAS,SCO,28/4/2025,102294,FORNECEDOR,4508633797,20,671E51867R,PEÇA,207539-1,120,"R$ 27,99","R$ 28,27","R$ 0,28","R$ 33,60",731927,20
2813290,3,NFL,483,FAS,SCO,28/4/2025,102294,FORNECEDOR,4508633797,30,679008655R,PEÇA,207539-1,150,"R$ 21,91","R$ 22,13","R$ 0,22","R$ 33,00",731927,40
2813304,2,NFL,483,FAS,SCO,28/4/2025,102294,FORNECEDOR,4508634009,20,671E51867R,PEÇA,207559-1,240,"R$ 27,99","R$ 28,27","R$ 0,28","R$ 67,20",731927,20
2813304,3,NFL,483,FAS,SCO,28/4/2025,102294,FORNECEDOR,4508634009,30,679008655R,PEÇA,207559-1,150,"R$ 21,91","R$ 22,13","R$ 0,22","R$ 33,00",731927,40
2813326,2,NFL,483,FAS,SCO,28/4/2025,102294,FORNECEDOR,4508637545,20,671E51867R,PEÇA,207647-1,120,"R$ 27,99","R$ 28,27","R$ 0,28","R$ 33,60",731927,20
2813326,3,NFL,483,FAS,SCO,28/4/2025,102294,FORNECEDOR,4508637545,30,679008655R,PEÇA,207647-1,150,"R$ 21,91","R$ 22,13","R$ 0,22","R$ 33,00",731927,40
2813353,2,NFL,483,FAS,SCO,28/4/2025,102294,FORNECEDOR,4508640461,20,671E51867R,PEÇA,207679-1,120,"R$ 27,99","R$ 28,27","R$ 0,28","R$ 33,60",731927,20
2813353,3,NFL,483,FAS,SCO,28/4/2025,102294,FORNECEDOR,4508640461,30,679008655R,PEÇA,207679-1,225,"R$ 21,91","R$ 22,13","R$ 0,22","R$ 49,50",731927,40
2813511,1,NFL,483,FAS,SCO,28/4/2025,101517,FORNECEDOR,4508653530,10,484005466R,PEÇA,837425-1,360,"R$ 297,57","R$ 327,90","R$ 30,33","R$ 10.918,80",586909,90
2813511,2,NFL,483,FAS,SCO,28/4/2025,101517,FORNECEDOR,4508653530,20,484005920R,PEÇA,837425-1,40,"R$ 186,96","R$ 206,02","R$ 19,06","R$ 762,40",586909,180
2814909,1,NFL,483,SJP,SCO,30/4/2025,137008,FORNECEDOR,4508620772,10,671A06064R,PEÇA,53508-1,1.500,"R$ 2,78","R$ 3,63","R$ 0,85","R$ 1.275,00",619922,20
2818187,2,NFL,483,SJP,SCO,1/5/2025,132610,FORNECEDOR,4508637630,10,682380471R,PEÇA,000083844-1,1.800,"R$ 4,66","R$ 5,46","R$ 0,80","R$ 1.440,00",576332,180
2818322,1,NFL,483,SJP,SCO,1/5/2025,101384,FORNECEDOR,4508660113,10,739105089R,PEÇA,000400225-1,120,"R$ 127,57","R$ 132,63","R$ 5,06","R$ 607,20",526162,350
2818829,1,NFL,483,FAS,SCO,2/5/2025,133453,FORNECEDOR,4508555838,10,739101733R,PEÇA,43785-1,4,"R$ 292,83","R$ 459,60","R$ 166,77","R$ 667,08",682692,210
2818994,1,NFL,483,FAS,SCO,2/5/2025,133453,FORNECEDOR,4508555839,10,739102008R,PEÇA,43789-1,9,"R$ 177,88","R$ 279,48","R$ 101,60","R$ 914,40",682692,220
2819562,1,NFL,483,SJP,SCO,3/5/2025,101384,FORNECEDOR,4508661526,10,739102859R,PEÇA,000400228-1,165,"R$ 127,57","R$ 132,63","R$ 5,06","R$ 834,90",526162,340
2819742,1,NFL,483,FAS,SCO,3/5/2025,101517,FORNECEDOR,4508661912,10,484005466R,PEÇA,838047-1,360,"R$ 297,57","R$ 327,90","R$ 30,33","R$ 10.918,80",586909,90
2819742,2,NFL,483,FAS,SCO,3/5/2025,101517,FORNECEDOR,4508661912,20,484005920R,PEÇA,838047-1,40,"R$ 186,96","R$ 206,02","R$ 19,06","R$ 762,40",586909,180
2820069,9,NFL,483,SJP,SCO,5/5/2025,106382,FORNECEDOR,4508640306,90,223200867R,PEÇA,484557-5,200,"R$ 16,98","R$ 19,03","R$ 2,05","R$ 410,00",617560,120
2821068,1,NFL,483,FAS,SCO,6/5/2025,133051,FORNECEDOR,4508666961,10,488109327R,PEÇA,000112714-0,13,"R$ 960,96","R$ 1.758,45","R$ 797,49","R$ 10.367,37",558516,130
2822237,4,NFL,483,SJP,SCO,7/5/2025,103415,FORNECEDOR,4508640945,40,243229923R,PEÇA,209901-2,360,"R$ 4,56","R$ 4,75","R$ 0,19","R$ 68,40",665444,220
2822470,1,NFL,483,SJP,SCO,7/5/2025,146712,FORNECEDOR,4508657320,10,132011477R,PEÇA,5287-7,8.316,"R$ 4,26","R$ 4,64","R$ 0,38","R$ 3.160,08",726733,10
2822573,1,NFL,483,SJP,SCO,8/5/2025,137008,FORNECEDOR,4508665530,10,671A06064R,PEÇA,54040-1,1.500,"R$ 2,78","R$ 3,63","R$ 0,85","R$ 1.275,00",619922,20
2822779,1,NFL,483,FAS,SCO,8/5/2025,101384,FORNECEDOR,4508668340,10,739102859R,PEÇA,000400597-1,90,"R$ 99,13","R$ 104,37","R$ 5,24","R$ 471,60",4600016840,750
2822806,1,NFL,483,SJP,SCO,8/5/2025,101384,FORNECEDOR,4508668384,10,739102859R,PEÇA,000400622-1,180,"R$ 127,57","R$ 132,63","R$ 5,06","R$ 910,80",526162,340
2823371,1,NFL,483,SJP,SCO,8/5/2025,112619,FORNECEDOR,4508662405,10,62010J571R,PEÇA,812236-1,210,"R$ 65,73","R$ 66,41","R$ 0,68","R$ 142,80",721563,10
2823392,4,NFL,483,SJP,SCO,8/5/2025,103415,FORNECEDOR,4508658120,40,363157867R,PEÇA,210069,360,"R$ 5,10","R$ 5,18","R$ 0,08","R$ 28,80",665444,100
2823392,3,NFL,483,SJP,SCO,8/5/2025,103415,FORNECEDOR,4508658120,30,668635019R,PEÇA,210069,360,"R$ 3,44","R$ 3,51","R$ 0,07","R$ 25,20",665444,210
2823541,3,NFL,483,FAS,SCO,9/5/2025,102294,FORNECEDOR,4508650412,30,679008655R,PEÇA,207778-1,150,"R$ 21,91","R$ 22,13","R$ 0,22","R$ 33,00",731927,40
2823697,1,NFL,483,FAS,SCO,9/5/2025,101384,FORNECEDOR,4508668341,10,739102624R,PEÇA,000400598-1,45,"R$ 99,13","R$ 104,37","R$ 5,24","R$ 235,80",4600016840,740
2823698,1,NFL,483,SJP,SCO,9/5/2025,101384,FORNECEDOR,4508673420,10,739105089R,PEÇA,000400620-1,105,"R$ 127,57","R$ 132,63","R$ 5,06","R$ 531,30",526162,350
2823790,1,NFL,483,FAS,SCO,9/5/2025,101384,FORNECEDOR,4508670749,10,739102859R,PEÇA,000400712-1,90,"R$ 99,13","R$ 104,37","R$ 5,24","R$ 471,60",4600016840,750
2823791,1,NFL,483,FAS,SCO,9/5/2025,101384,FORNECEDOR,4508670750,10,739105089R,PEÇA,000400713-1,45,"R$ 99,13","R$ 104,37","R$ 5,24","R$ 235,80",4600016840,730
2824969,1,NFL,483,SJP,SCO,9/5/2025,112619,FORNECEDOR,4508662395,10,62010J571R,PEÇA,811604-1,42,"R$ 65,73","R$ 66,41","R$ 0,68","R$ 28,56",721563,10
2825278,3,NFL,483,SJP,SCO,10/5/2025,124400,FORNECEDOR,4508673618,30,743238788R,PEÇA,000468280-1,450,"R$ 17,90","R$ 19,72","R$ 1,82","R$ 819,00",554404,510
2825310,1,NFL,483,FAS,SCO,10/5/2025,101384,FORNECEDOR,4508674283,10,739102859R,PEÇA,000400818-1,45,"R$ 99,13","R$ 104,37","R$ 5,24","R$ 235,80",4600016840,750
2825311,1,NFL,483,FAS,SCO,10/5/2025,101384,FORNECEDOR,4508674284,10,739105089R,PEÇA,000400819-1,45,"R$ 99,13","R$ 104,37","R$ 5,24","R$ 235,80",4600016840,730
2827275,1,NFL,483,FAS,SCO,13/5/2025,101517,FORNECEDOR,4508678910,10,484005466R,PEÇA,838730-1,120,"R$ 297,57","R$ 327,90","R$ 30,33","R$ 3.639,60",586909,90
2827525,1,NFL,483,FAS,SCO,13/5/2025,101517,FORNECEDOR,4508678912,10,484005920R,PEÇA,838879-1,80,"R$ 186,96","R$ 206,02","R$ 19,06","R$ 1.524,80",586909,180
2828144,1,NFL,483,FAS,SCO,14/5/2025,133051,FORNECEDOR,4508682195,10,488109327R,PEÇA,000112755-0,24,"R$ 960,96","R$ 1.758,45","R$ 797,49","R$ 19.139,76",558516,130
2828406,1,NFL,483,FAS,SCO,14/5/2025,101384,FORNECEDOR,4508683019,10,739105089R,PEÇA,000401169-1,45,"R$ 99,13","R$ 104,37","R$ 5,24","R$ 235,80",4600016840,730
2828407,1,NFL,483,FAS,SCO,14/5/2025,101384,FORNECEDOR,4508683018,10,739102859R,PEÇA,000401168-1,45,"R$ 99,13","R$ 104,37","R$ 5,24","R$ 235,80",4600016840,750
2828646,1,NFL,483,FAS,SCO,14/5/2025,133453,FORNECEDOR,4508538985,10,739101733R,PEÇA,43416-1,5,"R$ 292,83","R$ 459,60","R$ 166,77","R$ 833,85",682692,210
2829386,1,NFL,483,SJP,SCO,15/5/2025,101384,FORNECEDOR,4508683117,10,739102859R,PEÇA,000401231-1,150,"R$ 127,57","R$ 132,63","R$ 5,06","R$ 759,00",526162,340
2829387,1,NFL,483,SJP,SCO,15/5/2025,101384,FORNECEDOR,4508683118,10,739105089R,PEÇA,000401232-1,240,"R$ 127,57","R$ 132,63","R$ 5,06","R$ 1.214,40",526162,350
2830362,1,NFL,483,FAS,SCO,16/5/2025,101384,FORNECEDOR,4508685741,10,739102859R,PEÇA,000401277-1,45,"R$ 99,13","R$ 104,37","R$ 5,24","R$ 235,80",4600016840,750
2830363,1,NFL,483,FAS,SCO,16/5/2025,101384,FORNECEDOR,4508685742,10,739105089R,PEÇA,000401278-1,45,"R$ 99,13","R$ 104,37","R$ 5,24","R$ 235,80",4600016840,730
2830829,1,NFL,483,SJP,SCO,16/5/2025,112619,FORNECEDOR,4508662400,10,62010J571R,PEÇA,812224-1,252,"R$ 65,73","R$ 66,41","R$ 0,68","R$ 171,36",721563,10
2831543,1,NFL,483,FAS,SCO,17/5/2025,101384,FORNECEDOR,4508685743,10,739102624R,PEÇA,000401279-1,90,"R$ 99,13","R$ 104,37","R$ 5,24","R$ 471,60",4600016840,740
2831698,1,NFL,483,FAS,SCO,17/5/2025,101384,FORNECEDOR,4508689790,10,739102859R,PEÇA,000401414-1,45,"R$ 99,13","R$ 104,37","R$ 5,24","R$ 235,80",4600016840,750
2831699,1,NFL,483,FAS,SCO,17/5/2025,101384,FORNECEDOR,4508689791,10,739105089R,PEÇA,000401415-1,45,"R$ 99,13","R$ 104,37","R$ 5,24","R$ 235,80",4600016840,730
2832304,1,NFL,483,FAS,SCO,18/5/2025,101384,FORNECEDOR,4508690052,10,739102624R,PEÇA,000401496-1,45,"R$ 99,13","R$ 104,37","R$ 5,24","R$ 235,80",4600016840,740
2833451,1,NFL,483,FAS,SCO,20/5/2025,101384,FORNECEDOR,4508692946,10,739102859R,PEÇA,000401604-1,180,"R$ 99,13","R$ 104,37","R$ 5,24","R$ 943,20",4600016840,750
2833691,1,NFL,483,FAS,SCO,20/5/2025,101517,FORNECEDOR,4508692949,10,484005466R,PEÇA,000839697-1,360,"R$ 297,57","R$ 327,90","R$ 30,33","R$ 10.918,80",586909,90
2833808,1,NFL,483,FAS,SCO,20/5/2025,104535,FORNECEDOR,4508559301,10,546111085R,PEÇA,354462-2,81,"R$ 84,62","R$ 88,20","R$ 3,58","R$ 289,98",732477,10
2835271,1,NFL,483,SJP,SCO,21/5/2025,102318,FORNECEDOR,4508698501,10,620224263R,PEÇA,000242075-3,55,"R$ 163,03","R$ 168,34","R$ 5,31","R$ 292,05",662290,10
2835500,1,NFL,483,SJP,SCO,22/5/2025,132610,FORNECEDOR,4508698761,10,668356799R,PEÇA,000084593-1,2.600,"R$ 0,68","R$ 0,89","R$ 0,21","R$ 546,00",576332,110
2835511,1,NFL,483,SJP,SCO,22/5/2025,101384,FORNECEDOR,4508697262,10,739102859R,PEÇA,000401781-1,195,"R$ 127,57","R$ 132,63","R$ 5,06","R$ 986,70",526162,340
2835512,1,NFL,483,SJP,SCO,22/5/2025,101384,FORNECEDOR,4508697263,10,739105089R,PEÇA,000401782-1,300,"R$ 127,57","R$ 132,63","R$ 5,06","R$ 1.518,00",526162,350
2835526,1,NFL,483,FAS,SCO,22/5/2025,101384,FORNECEDOR,4508697086,10,739102859R,PEÇA,000401814-1,180,"R$ 99,13","R$ 104,37","R$ 5,24","R$ 943,20",4600016840,750
2836452,1,NFL,483,FAS,SCO,23/5/2025,101517,FORNECEDOR,4508697198,10,484005920R,PEÇA,000840128-1,80,"R$ 186,96","R$ 206,02","R$ 19,06","R$ 1.524,80",586909,180
2836488,1,NFL,483,FAS,SCO,23/5/2025,101517,FORNECEDOR,4508697199,10,484005920R,PEÇA,000840148-1,40,"R$ 186,96","R$ 206,02","R$ 19,06","R$ 762,40",586909,180
2836489,1,NFL,483,FAS,SCO,23/5/2025,101517,FORNECEDOR,4508697200,10,484005466R,PEÇA,000840150-1,280,"R$ 297,57","R$ 327,90","R$ 30,33","R$ 8.492,40",586909,90
2836511,1,NFL,483,FAS,SCO,23/5/2025,101384,FORNECEDOR,4508699268,10,739102859R,PEÇA,000401935-1,90,"R$ 99,13","R$ 104,37","R$ 5,24","R$ 471,60",4600016840,750
2836512,1,NFL,483,FAS,SCO,23/5/2025,101384,FORNECEDOR,4508699269,10,739105089R,PEÇA,000401936-1,45,"R$ 99,13","R$ 104,37","R$ 5,24","R$ 235,80",4600016840,730
2836883,1,NFL,483,FAS,SCO,23/5/2025,101517,FORNECEDOR,4508699392,10,484005466R,PEÇA,000840286-1,40,"R$ 297,57","R$ 327,90","R$ 30,33","R$ 1.213,20",586909,90
2836883,2,NFL,483,FAS,SCO,23/5/2025,101517,FORNECEDOR,4508699392,20,484005920R,PEÇA,000840286-1,24,"R$ 186,96","R$ 206,02","R$ 19,06","R$ 457,44",586909,180
2837080,11,NFL,483,FAS,SCO,23/5/2025,108060,FORNECEDOR,4508700813,80,62010W823R,PEÇA,000047707-3,1,"R$ 601,39","R$ 662,69","R$ 61,30","R$ 61,30",742308,50
2837362,21,NFL,483,FAS,SCO,23/5/2025,108060,FORNECEDOR,4508700870,120,62010W823R,PEÇA,000047709-3,4,"R$ 601,39","R$ 662,69","R$ 61,30","R$ 245,20",742308,50
2837944,5,NFL,483,SJP,SCO,24/5/2025,132610,FORNECEDOR,4508670588,50,682380471R,PEÇA,000084222-1,1.800,"R$ 4,66","R$ 5,46","R$ 0,80","R$ 1.440,00",576332,180
2838025,1,NFL,483,SJP,SCO,24/5/2025,132610,FORNECEDOR,4508698762,10,668356799R,PEÇA,000084594-1,2.600,"R$ 0,68","R$ 0,89","R$ 0,21","R$ 546,00",576332,110
2838108,1,NFL,483,SJP,SCO,24/5/2025,136123,FORNECEDOR,4508703835,10,112982531R,PEÇA,000698941-1,9.000,"R$ 0,23","R$ 1,79","R$ 1,56","R$ 14.040,00",729856,20
2838131,1,NFL,483,FAS,SCO,24/5/2025,101384,FORNECEDOR,4508703118,10,739102859R,PEÇA,000402070-1,90,"R$ 99,13","R$ 104,37","R$ 5,24","R$ 471,60",4600016840,750
2838132,1,NFL,483,FAS,SCO,24/5/2025,101384,FORNECEDOR,4508703119,10,739105089R,PEÇA,000402071-1,45,"R$ 99,13","R$ 104,37","R$ 5,24","R$ 235,80",4600016840,730
2838871,1,NFL,483,FAS,SCO,25/5/2025,119957,FORNECEDOR,4508700363,10,278320982R,PEÇA,206097-1,35,"R$ 3,38","R$ 37,79","R$ 34,41","R$ 1.204,35",542428,50
2838871,2,NFL,483,FAS,SCO,25/5/2025,119957,FORNECEDOR,4508700363,20,279327771R,PEÇA,206097-1,35,"R$ 3,34","R$ 3,83","R$ 0,49","R$ 17,15",542428,70
2838871,3,NFL,483,FAS,SCO,25/5/2025,119957,FORNECEDOR,4508700363,30,279335128R,PEÇA,206097-1,35,"R$ 3,33","R$ 3,94","R$ 0,61","R$ 21,35",542428,100
2838885,4,NFL,483,SJP,SCO,25/5/2025,112619,FORNECEDOR,4508621211,40,62010J571R,PEÇA,809409-1,252,"R$ 65,73","R$ 66,41","R$ 0,68","R$ 171,36",721563,10
2839019,1,NFL,483,FAS,SCO,25/5/2025,120639,FORNECEDOR,4508703729,10,432007885R,PEÇA,182699-1,960,"R$ 47,17","R$ 48,84","R$ 1,67","R$ 1.603,20",585336,20
2839744,1,NFL,483,SJP,SCO,26/5/2025,112619,FORNECEDOR,4508691026,10,62010J571R,PEÇA,813562-1,420,"R$ 65,73","R$ 66,41","R$ 0,68","R$ 285,60",721563,10
2839813,1,NFL,483,SJP,SCO,26/5/2025,102318,FORNECEDOR,4508708485,10,620224263R,PEÇA,000242204-3,220,"R$ 163,03","R$ 168,34","R$ 5,31","R$ 1.168,20",662290,10
2839903,1,NFL,483,SJP,SCO,27/5/2025,146712,FORNECEDOR,4508678959,10,132011477R,PEÇA,5467-7,4.158,"R$ 4,26","R$ 4,64","R$ 0,38","R$ 1.580,04",726733,10
2840646,1,NFL,483,SJP,SCO,27/5/2025,112619,FORNECEDOR,4508674524,10,62010J571R,PEÇA,812850-1,420,"R$ 65,73","R$ 66,41","R$ 0,68","R$ 285,60",721563,10
2840977,3,NFL,483,FVU,SCO,28/5/2025,104290,FORNECEDOR,4508704982,30,755237722R,PEÇA,000062325-3,360,"R$ 16,48","R$ 16,99","R$ 0,51","R$ 183,60",635676,20
2840977,4,NFL,483,FVU,SCO,28/5/2025,104290,FORNECEDOR,4508704982,40,756103395R,PEÇA,000062325-3,240,"R$ 37,46","R$ 39,42","R$ 1,96","R$ 470,40",635676,30
2841121,1,NFL,483,SJP,SCO,28/5/2025,101384,FORNECEDOR,4508711562,10,739105089R,PEÇA,000402453-1,135,"R$ 127,57","R$ 132,63","R$ 5,06","R$ 683,10",526162,350
2841928,1,NFL,483,SJP,SCO,29/5/2025,101384,FORNECEDOR,4508713820,10,739102859R,PEÇA,000402456-1,360,"R$ 127,57","R$ 132,63","R$ 5,06","R$ 1.821,60",526162,340
2843395,1,NFL,483,SJP,SCO,30/5/2025,102318,FORNECEDOR,4508714801,10,620224263R,PEÇA,000242312-003,10,"R$ 163,03","R$ 168,34","R$ 5,31","R$ 53,10",662290,10
